timestamp,ethbtc,btcusdt,real_ethusdt,synthetic_ethusdt,diff
1752081578055,0.0244,109238,2665.3,2665.4,0.098904
1752081578059,0.0244,109238,2665.3,2665.4,0.098904
1752081579060,0.0244,109238,2665.3,2665.4,0.099148
1752081579311,0.0244,109238,2665.3,2665.4,0.099148
1752081579363,0.0244,109238,2665.3,2665.4,0.099148
1752081579363,0.0244,109238,2665.3,2665.4,0.099148
1752081579363,0.0244,109238,2665.3,2665.4,0.099148
1752081579363,0.0244,109238,2665.3,2665.4,0.099148
1752081579363,0.0244,109238,2665.3,2665.4,0.099148
1752081579363,0.0244,109238,2665.3,2665.4,0.099148
1752081579363,0.0244,109238,2665.3,2665.4,0.099148
1752081579363,0.0244,109238,2665.3,2665.4,0.099148
1752081579363,0.0244,109238,2665.3,2665.4,0.099148
1752081579363,0.0244,109238,2665.3,2665.4,0.099148
1752081579363,0.0244,109238,2665.3,2665.4,0.099148
1752081579363,0.0244,109238,2665.3,2665.4,0.099148
1752081579363,0.0244,109238,2665.3,2665.4,0.099148
1752081579363,0.0244,109238,2665.3,2665.4,0.099148
1752081579363,0.0244,109238,2665.3,2665.4,0.099148
1752081579363,0.0244,109238,2665.3,2665.4,0.099148
1752081579363,0.0244,109238,2665.3,2665.4,0.099148
1752081579363,0.0244,109238,2665.3,2665.4,0.099148
1752081579363,0.0244,109238,2665.3,2665.4,0.099148
1752081579363,0.0244,109238,2665.3,2665.4,0.099148
1752081579363,0.0244,109238,2665.3,2665.4,0.099148
1752081579363,0.0244,109238,2665.3,2665.4,0.099148
1752081579363,0.0244,109238,2665.3,2665.4,0.099148
1752081579363,0.0244,109238,2665.3,2665.4,0.099148
1752081579363,0.0244,109238,2665.3,2665.4,0.099148
1752081579363,0.0244,109238,2665.3,2665.4,0.099148
1752081579363,0.0244,109238,2665.3,2665.4,0.099148
1752081579363,0.0244,109238,2665.27,2665.4,0.129148
1752081579363,0.0244,109238,2665.26,2665.4,0.139148
1752081579363,0.0244,109238,2665.26,2665.4,0.139148
1752081579363,0.0244,109238,2665.25,2665.4,0.149148
1752081579363,0.0244,109238,2665.24,2665.4,0.159148
1752081579363,0.0244,109238,2665.24,2665.4,0.159148
1752081579363,0.0244,109238,2665.24,2665.4,0.159148
1752081579363,0.0244,109238,2665.24,2665.4,0.159148
1752081579363,0.0244,109238,2665.24,2665.4,0.159148
1752081579363,0.0244,109238,2665.22,2665.4,0.179148
1752081579363,0.0244,109238,2665.21,2665.4,0.189148
1752081579363,0.0244,109238,2665.2,2665.4,0.199148
1752081579363,0.0244,109238,2665.17,2665.4,0.229148
1752081579363,0.0244,109238,2665.16,2665.4,0.239148
1752081579409,0.0244,109238,2665.15,2665.4,0.249148
1752081579409,0.0244,109238,2665.15,2665.4,0.249148
1752081579559,0.0244,109238,2665.16,2665.4,0.239148
1752081579824,0.0244,109238,2665.16,2665.4,0.239148
1752081579987,0.0244,109238,2665.15,2665.4,0.249148
1752081579987,0.0244,109238,2665.15,2665.4,0.249148
1752081579987,0.0244,109238,2665.15,2665.4,0.249148
1752081579987,0.0244,109238,2665.15,2665.4,0.249148
1752081579987,0.0244,109238,2665.15,2665.4,0.249148
1752081579987,0.0244,109238,2665.15,2665.4,0.249148
1752081579987,0.0244,109238,2665.15,2665.4,0.249148
1752081579987,0.0244,109238,2665.15,2665.4,0.249148
1752081579987,0.0244,109238,2665.15,2665.4,0.249148
1752081579987,0.0244,109238,2665.15,2665.4,0.249148
1752081579987,0.0244,109238,2665.15,2665.4,0.249148
1752081579987,0.0244,109238,2665.15,2665.4,0.249148
1752081579987,0.0244,109238,2665.15,2665.4,0.249148
1752081579987,0.0244,109238,2665.15,2665.4,0.249148
1752081579987,0.0244,109238,2665.15,2665.4,0.249148
1752081579987,0.0244,109238,2665.15,2665.4,0.249148
1752081579987,0.0244,109238,2665.14,2665.4,0.259148
1752081579987,0.0244,109238,2665.13,2665.4,0.269148
1752081579987,0.0244,109238,2665.13,2665.4,0.269148
1752081579987,0.0244,109238,2665.13,2665.4,0.269148
1752081579987,0.0244,109238,2665.12,2665.4,0.279148
1752081579987,0.0244,109238,2665.12,2665.4,0.279148
1752081579987,0.0244,109238,2665.11,2665.4,0.289148
1752081579987,0.0244,109238,2665.11,2665.4,0.289148
1752081579987,0.0244,109238,2665.11,2665.4,0.289148
1752081579987,0.0244,109238,2665.1,2665.4,0.299148
1752081579987,0.0244,109238,2665.1,2665.4,0.299148
1752081579987,0.0244,109238,2665.1,2665.4,0.299148
1752081579987,0.0244,109238,2665.1,2665.4,0.299148
1752081579987,0.0244,109238,2665.05,2665.4,0.349148
1752081579987,0.0244,109238,2665.05,2665.4,0.349148
1752081579987,0.0244,109238,2665.04,2665.4,0.359148
1752081579987,0.0244,109238,2665.04,2665.4,0.359148
1752081579987,0.0244,109238,2665.04,2665.4,0.359148
1752081579987,0.0244,109238,2665.02,2665.4,0.379148
1752081579987,0.0244,109238,2665.02,2665.4,0.379148
1752081579987,0.0244,109238,2665.01,2665.4,0.389148
1752081579987,0.0244,109238,2665.01,2665.4,0.389148
1752081579987,0.0244,109238,2665.01,2665.4,0.389148
1752081579987,0.0244,109238,2665.01,2665.4,0.389148
1752081579987,0.0244,109238,2665.01,2665.4,0.389148
1752081579987,0.0244,109238,2665.01,2665.4,0.389148
1752081579987,0.0244,109238,2665.01,2665.4,0.389148
1752081580509,0.0244,109238,2665,2665.4,0.398904
1752081580509,0.0244,109238,2665,2665.4,0.398904
1752081580652,0.0244,109238,2665,2665.4,0.398904
1752081580652,0.0244,109238,2665,2665.4,0.398904
1752081580652,0.0244,109238,2665,2665.4,0.398904
1752081580652,0.0244,109238,2665,2665.4,0.398904
1752081580652,0.0244,109238,2665,2665.4,0.398904
1752081580652,0.0244,109238,2665,2665.4,0.398904
1752081580652,0.0244,109238,2665,2665.4,0.398904
1752081580652,0.0244,109238,2665,2665.4,0.398904
1752081580652,0.0244,109238,2665,2665.4,0.398904
1752081580652,0.0244,109238,2665,2665.4,0.398904
1752081580652,0.0244,109238,2665,2665.4,0.398904
1752081580652,0.0244,109238,2665,2665.4,0.398904
1752081580652,0.0244,109238,2665,2665.4,0.398904
1752081580652,0.0244,109238,2665,2665.4,0.398904
1752081580652,0.0244,109238,2665,2665.4,0.398904
1752081580652,0.0244,109238,2665,2665.4,0.398904
1752081580652,0.0244,109238,2665,2665.4,0.398904
1752081580652,0.0244,109238,2665,2665.4,0.398904
1752081580652,0.0244,109238,2665,2665.4,0.398904
1752081580652,0.0244,109238,2665,2665.4,0.398904
1752081580652,0.0244,109238,2665,2665.4,0.398904
1752081580652,0.0244,109238,2664.99,2665.4,0.408904
1752081580652,0.0244,109238,2664.98,2665.4,0.418904
1752081580652,0.0244,109238,2664.97,2665.4,0.428904
1752081580652,0.0244,109238,2664.97,2665.4,0.428904
1752081580652,0.0244,109238,2664.96,2665.4,0.438904
1752081580652,0.0244,109238,2664.94,2665.4,0.458904
1752081580652,0.0244,109238,2664.94,2665.4,0.458904
1752081580652,0.0244,109238,2664.93,2665.4,0.468904
1752081580652,0.0244,109238,2664.92,2665.4,0.478904
1752081580652,0.0244,109238,2664.91,2665.4,0.488904
1752081580652,0.0244,109238,2664.9,2665.4,0.498904
1752081580652,0.0244,109238,2664.89,2665.4,0.508904
1752081580652,0.0244,109238,2664.89,2665.4,0.508904
1752081580652,0.0244,109238,2664.88,2665.4,0.518904
1752081580652,0.0244,109238,2664.87,2665.4,0.528904
1752081580652,0.0244,109238,2664.87,2665.4,0.528904
1752081580652,0.0244,109238,2664.86,2665.4,0.538904
1752081580652,0.0244,109238,2664.86,2665.4,0.538904
1752081580652,0.0244,109238,2664.86,2665.4,0.538904
1752081580652,0.0244,109238,2664.86,2665.4,0.538904
1752081581282,0.0244,109238,2664.85,2665.4,0.548904
1752081581282,0.0244,109238,2664.85,2665.4,0.548904
1752081581282,0.0244,109238,2664.85,2665.4,0.548904
1752081581282,0.0244,109238,2664.85,2665.4,0.548904
1752081581282,0.0244,109238,2664.85,2665.4,0.548904
1752081581282,0.0244,109238,2664.85,2665.4,0.548904
1752081581282,0.0244,109238,2664.85,2665.4,0.548904
1752081581282,0.0244,109238,2664.85,2665.4,0.548904
1752081581282,0.0244,109238,2664.85,2665.4,0.548904
1752081581282,0.0244,109238,2664.85,2665.4,0.548904
1752081581282,0.0244,109238,2664.85,2665.4,0.548904
1752081581282,0.0244,109238,2664.85,2665.4,0.548904
1752081581282,0.0244,109238,2664.85,2665.4,0.548904
1752081581282,0.0244,109238,2664.85,2665.4,0.548904
1752081581282,0.0244,109238,2664.85,2665.4,0.548904
1752081581282,0.0244,109238,2664.85,2665.4,0.548904
1752081581282,0.0244,109238,2664.84,2665.4,0.558904
1752081581282,0.0244,109238,2664.83,2665.4,0.568904
1752081581282,0.0244,109238,2664.83,2665.4,0.568904
1752081581282,0.0244,109238,2664.83,2665.4,0.568904
1752081581282,0.0244,109238,2664.83,2665.4,0.568904
1752081581282,0.0244,109238,2664.83,2665.4,0.568904
1752081581282,0.0244,109238,2664.83,2665.4,0.568904
1752081581282,0.0244,109238,2664.82,2665.4,0.578904
1752081581282,0.0244,109238,2664.82,2665.4,0.578904
1752081581282,0.0244,109238,2664.82,2665.4,0.578904
1752081581282,0.0244,109238,2664.82,2665.4,0.578904
1752081581282,0.0244,109238,2664.82,2665.4,0.578904
1752081581282,0.0244,109238,2664.82,2665.4,0.578904
1752081581282,0.0244,109238,2664.81,2665.4,0.588904
1752081581282,0.0244,109238,2664.8,2665.4,0.598904
1752081581282,0.0244,109238,2664.79,2665.4,0.608904
1752081581282,0.0244,109238,2664.78,2665.4,0.618904
1752081581282,0.0244,109238,2664.78,2665.4,0.618904
1752081581282,0.0244,109238,2664.77,2665.4,0.628904
1752081581282,0.0244,109238,2664.77,2665.4,0.628904
1752081581282,0.0244,109238,2664.77,2665.4,0.628904
1752081581282,0.0244,109238,2664.77,2665.4,0.628904
1752081581282,0.0244,109238,2664.75,2665.4,0.648904
1752081581282,0.0244,109238,2664.75,2665.4,0.648904
1752081581282,0.0244,109238,2664.74,2665.4,0.658904
1752081581282,0.0244,109238,2664.74,2665.4,0.658904
1752081581282,0.0244,109238,2664.74,2665.4,0.658904
1752081581282,0.0244,109238,2664.74,2665.4,0.658904
1752081581282,0.0244,109238,2664.74,2665.4,0.658904
1752081581282,0.0244,109238,2664.73,2665.4,0.668904
1752081581282,0.0244,109238,2664.73,2665.4,0.668904
1752081581282,0.0244,109238,2664.73,2665.4,0.668904
1752081581282,0.0244,109238,2664.73,2665.4,0.668904
1752081581282,0.0244,109238,2664.73,2665.4,0.668904
1752081581282,0.0244,109238,2664.72,2665.4,0.678904
1752081581282,0.0244,109238,2664.72,2665.4,0.678904
1752081581282,0.0244,109238,2664.72,2665.4,0.678904
1752081581282,0.0244,109238,2664.72,2665.4,0.678904
1752081581282,0.0244,109238,2664.72,2665.4,0.678904
1752081581282,0.0244,109238,2664.71,2665.4,0.688904
1752081581282,0.0244,109238,2664.71,2665.4,0.688904
1752081581889,0.0244,109238,2664.7,2665.4,0.698904
1752081581889,0.0244,109238,2664.7,2665.4,0.698904
1752081581889,0.0244,109238,2664.7,2665.4,0.698904
1752081581889,0.0244,109238,2664.7,2665.4,0.698904
1752081581889,0.0244,109238,2664.7,2665.4,0.698904
1752081581889,0.0244,109238,2664.7,2665.4,0.698904
1752081581889,0.0244,109238,2664.7,2665.4,0.698904
1752081581889,0.0244,109238,2664.7,2665.4,0.698904
1752081581940,0.02439,109238,2664.7,2664.31,-0.393473
1752081581940,0.02439,109238,2664.7,2664.31,-0.393473
1752081581940,0.02439,109238,2664.7,2664.31,-0.393473
1752081581940,0.02439,109238,2664.7,2664.31,-0.393473
1752081581940,0.02439,109238,2664.7,2664.31,-0.393473
1752081581940,0.02439,109238,2664.69,2664.31,-0.383473
1752081581940,0.02439,109238,2664.69,2664.31,-0.383473
1752081581940,0.02439,109238,2664.69,2664.31,-0.383473
1752081581940,0.02439,109238,2664.69,2664.31,-0.383473
1752081581940,0.02439,109238,2664.69,2664.31,-0.383473
1752081581940,0.02439,109238,2664.68,2664.31,-0.373473
1752081581940,0.02439,109238,2664.68,2664.31,-0.373473
1752081581940,0.02439,109238,2664.68,2664.31,-0.373473
1752081581940,0.02439,109238,2664.68,2664.31,-0.373473
1752081581940,0.02439,109238,2664.67,2664.31,-0.363473
1752081581940,0.02439,109238,2664.67,2664.31,-0.363473
1752081581940,0.02439,109238,2664.66,2664.31,-0.353473
1752081581940,0.02439,109238,2664.66,2664.31,-0.353473
1752081581940,0.02439,109238,2664.66,2664.31,-0.353473
1752081581940,0.02439,109238,2664.65,2664.31,-0.343473
1752081581940,0.02439,109238,2664.64,2664.31,-0.333473
1752081581940,0.02439,109238,2664.63,2664.31,-0.323473
1752081581940,0.02439,109238,2664.63,2664.31,-0.323473
1752081581940,0.02439,109238,2664.63,2664.31,-0.323473
1752081581940,0.02439,109238,2664.63,2664.31,-0.323473
1752081581940,0.02439,109238,2664.61,2664.31,-0.303473
1752081581940,0.02439,109238,2664.61,2664.31,-0.303473
1752081581940,0.02439,109238,2664.6,2664.31,-0.293473
1752081581940,0.02439,109238,2664.59,2664.31,-0.283473
1752081581940,0.02439,109238,2664.58,2664.31,-0.273473
1752081581940,0.02439,109238,2664.57,2664.31,-0.263473
1752081581940,0.02439,109238,2664.57,2664.31,-0.263473
1752081581940,0.02439,109238,2664.57,2664.31,-0.263473
1752081581940,0.02439,109238,2664.57,2664.31,-0.263473
1752081581940,0.02439,109238,2664.57,2664.31,-0.263473
1752081581940,0.02439,109238,2664.57,2664.31,-0.263473
1752081581940,0.02439,109238,2664.56,2664.31,-0.253473
1752081581940,0.02439,109238,2664.56,2664.31,-0.253473
1752081581940,0.02439,109238,2664.55,2664.31,-0.243473
1752081581940,0.02439,109238,2664.55,2664.31,-0.243473
1752081581940,0.02439,109238,2664.53,2664.31,-0.223473
1752081581940,0.02439,109238,2664.52,2664.31,-0.213473
1752081582382,0.02439,109238,2664.51,2664.31,-0.203229
1752081582609,0.02439,109238,2664.5,2664.31,-0.193473
1752081582609,0.02439,109238,2664.5,2664.31,-0.193473
1752081582609,0.02439,109238,2664.5,2664.31,-0.193473
1752081582609,0.02439,109238,2664.5,2664.31,-0.193473
1752081582609,0.02439,109238,2664.5,2664.31,-0.193473
1752081582609,0.02439,109238,2664.5,2664.31,-0.193473
1752081582609,0.02439,109238,2664.5,2664.31,-0.193473
1752081582609,0.02439,109238,2664.5,2664.31,-0.193473
1752081582609,0.02439,109238,2664.5,2664.31,-0.193473
1752081582609,0.02439,109238,2664.5,2664.31,-0.193473
1752081582609,0.02439,109238,2664.5,2664.31,-0.193473
1752081582609,0.02439,109238,2664.49,2664.31,-0.183473
1752081582609,0.02439,109238,2664.49,2664.31,-0.183473
1752081582609,0.02439,109238,2664.49,2664.31,-0.183473
1752081582609,0.02439,109238,2664.49,2664.31,-0.183473
1752081582609,0.02439,109238,2664.49,2664.31,-0.183473
1752081582609,0.02439,109238,2664.49,2664.31,-0.183473
1752081582609,0.02439,109238,2664.49,2664.31,-0.183473
1752081582609,0.02439,109238,2664.49,2664.31,-0.183473
1752081582609,0.02439,109238,2664.48,2664.31,-0.173473
1752081582609,0.02439,109238,2664.43,2664.31,-0.123473
1752081582609,0.02439,109238,2664.42,2664.31,-0.113473
1752081582609,0.02439,109238,2664.42,2664.31,-0.113473
1752081582609,0.02439,109238,2664.42,2664.31,-0.113473
1752081582609,0.02439,109238,2664.42,2664.31,-0.113473
1752081582609,0.02439,109238,2664.41,2664.31,-0.103473
1752081582609,0.02439,109238,2664.41,2664.31,-0.103473
1752081582609,0.02439,109238,2664.41,2664.31,-0.103473
1752081582609,0.02439,109238,2664.38,2664.31,-0.0734726
1752081582609,0.02439,109238,2664.36,2664.31,-0.0534726
1752081582611,0.02439,109238,2664.35,2664.31,-0.0434726
1752081582611,0.02439,109238,2664.35,2664.31,-0.0434726
1752081582611,0.02439,109238,2664.35,2664.31,-0.0434726
1752081582925,0.02439,109238,2664.35,2664.31,-0.0434726
1752081583126,0.02439,109238,2664.35,2664.31,-0.0434726
1752081583263,0.02439,109238,2664.35,2664.31,-0.0434726
1752081583263,0.02439,109238,2664.35,2664.31,-0.0434726
1752081583263,0.02439,109238,2664.35,2664.31,-0.0434726
1752081583263,0.02439,109238,2664.35,2664.31,-0.0434726
1752081583263,0.02439,109238,2664.35,2664.31,-0.0434726
1752081583263,0.02439,109238,2664.35,2664.31,-0.0434726
1752081583263,0.02439,109238,2664.35,2664.31,-0.0434726
1752081583263,0.02439,109238,2664.35,2664.31,-0.0434726
1752081583263,0.02439,109238,2664.35,2664.31,-0.0434726
1752081583263,0.02439,109238,2664.34,2664.31,-0.0334726
1752081583263,0.02439,109238,2664.33,2664.31,-0.0234726
1752081583263,0.02439,109238,2664.32,2664.31,-0.0134726
1752081583263,0.02439,109238,2664.32,2664.31,-0.0134726
1752081583263,0.02439,109238,2664.31,2664.31,-0.0034726
1752081583263,0.02439,109238,2664.31,2664.31,-0.0034726
1752081583263,0.02439,109238,2664.3,2664.31,0.0065274
1752081583263,0.02439,109238,2664.29,2664.31,0.0165274
1752081583263,0.02439,109238,2664.28,2664.31,0.0265274
1752081583263,0.02439,109238,2664.28,2664.31,0.0265274
1752081583263,0.02439,109238,2664.28,2664.31,0.0265274
1752081583263,0.02439,109238,2664.27,2664.31,0.0365274
1752081583263,0.02439,109238,2664.27,2664.31,0.0365274
1752081583263,0.02439,109238,2664.27,2664.31,0.0365274
1752081583263,0.02439,109238,2664.26,2664.31,0.0465274
1752081583263,0.02439,109238,2664.24,2664.31,0.0665274
1752081583263,0.02439,109238,2664.23,2664.31,0.0765274
1752081583263,0.02439,109238,2664.23,2664.31,0.0765274
1752081583263,0.02439,109238,2664.22,2664.31,0.0865274
1752081583263,0.02439,109238,2664.22,2664.31,0.0865274
1752081583263,0.02439,109238,2664.22,2664.31,0.0865274
1752081583263,0.02439,109238,2664.21,2664.31,0.0965274
1752081583305,0.02439,109238,2664.2,2664.31,0.106527
1752081583433,0.02439,109238,2664.2,2664.31,0.106527
1752081583433,0.02439,109238,2664.2,2664.31,0.106527
1752081583681,0.02439,109238,2664.2,2664.31,0.106527
1752081583723,0.02439,109238,2664.21,2664.31,0.0965274
1752081583903,0.02439,109238,2664.2,2664.31,0.106527
1752081583903,0.02439,109238,2664.2,2664.31,0.106527
1752081583903,0.02439,109238,2664.2,2664.31,0.106527
1752081583903,0.02439,109238,2664.2,2664.31,0.106527
1752081583903,0.02439,109238,2664.2,2664.31,0.106527
1752081583903,0.02439,109238,2664.2,2664.31,0.106527
1752081583903,0.02439,109238,2664.2,2664.31,0.106527
1752081583903,0.02439,109238,2664.2,2664.31,0.106527
1752081583903,0.02439,109238,2664.2,2664.31,0.106527
1752081583903,0.02439,109238,2664.2,2664.31,0.106527
1752081583903,0.02439,109238,2664.19,2664.31,0.116527
1752081583903,0.02439,109238,2664.19,2664.31,0.116527
1752081583903,0.02439,109238,2664.19,2664.31,0.116527
1752081583903,0.02439,109238,2664.18,2664.31,0.126527
1752081583903,0.02439,109238,2664.18,2664.31,0.126527
1752081584229,0.02439,109238,2664.18,2664.31,0.126527
1752081584645,0.02439,109238,2664.19,2664.31,0.116771
1752081585023,0.02439,109238,2664.19,2664.31,0.116771
1752081585061,0.02439,109238,2664.18,2664.31,0.126771
1752081585401,0.02439,109238,2664.18,2664.31,0.126527
1752081585604,0.02439,109238,2664.18,2664.31,0.126771
1752081586661,0.02439,109238,2664.19,2664.31,0.116771
1752081586661,0.02439,109238,2664.19,2664.31,0.116771
1752081586661,0.02439,109238,2664.19,2664.31,0.116771
1752081586661,0.02439,109238,2664.19,2664.31,0.116771
1752081586661,0.02439,109238,2664.19,2664.31,0.116771
1752081586661,0.02439,109238,2664.19,2664.31,0.116771
1752081586665,0.02439,109238,2664.19,2664.31,0.116771
1752081586665,0.02439,109238,2664.19,2664.31,0.116771
1752081586665,0.02439,109238,2664.19,2664.31,0.116771
1752081586665,0.02439,109238,2664.19,2664.31,0.116771
1752081586665,0.02439,109238,2664.19,2664.31,0.116771
1752081586665,0.02439,109238,2664.19,2664.31,0.116771
1752081586665,0.02439,109238,2664.19,2664.31,0.116771
1752081586665,0.02439,109238,2664.19,2664.31,0.116771
1752081586665,0.02439,109238,2664.19,2664.31,0.116771
1752081586665,0.02439,109238,2664.19,2664.31,0.116771
1752081586665,0.02439,109238,2664.19,2664.31,0.116771
1752081586665,0.02439,109238,2664.19,2664.31,0.116771
1752081586665,0.02439,109238,2664.2,2664.31,0.106771
1752081586665,0.02439,109238,2664.2,2664.31,0.106771
1752081586665,0.02439,109238,2664.21,2664.31,0.0967713
1752081586665,0.02439,109238,2664.21,2664.31,0.0967713
1752081586665,0.02439,109238,2664.22,2664.31,0.0867713
1752081586666,0.02439,109238,2664.24,2664.31,0.0667713
1752081586666,0.02439,109238,2664.25,2664.31,0.0567713
1752081586666,0.02439,109238,2664.26,2664.31,0.0467713
1752081586666,0.02439,109238,2664.27,2664.31,0.0367713
1752081586666,0.02439,109238,2664.27,2664.31,0.0367713
1752081586666,0.02439,109238,2664.28,2664.31,0.0267713
1752081586666,0.02439,109238,2664.29,2664.31,0.0167713
1752081586666,0.02439,109238,2664.3,2664.31,0.0067713
1752081586666,0.02439,109238,2664.31,2664.31,-0.0032287
1752081586666,0.02439,109238,2664.32,2664.31,-0.0132287
1752081586666,0.02439,109238,2664.36,2664.31,-0.0532287
1752081586666,0.02439,109238,2664.36,2664.31,-0.0532287
1752081586666,0.02439,109238,2664.39,2664.31,-0.0832287
1752081586666,0.02439,109238,2664.43,2664.31,-0.123229
1752081586666,0.02439,109238,2664.49,2664.31,-0.183229
1752081586666,0.02439,109238,2664.5,2664.31,-0.193229
1752081586666,0.02439,109238,2664.51,2664.31,-0.203229
1752081586666,0.02439,109238,2664.51,2664.31,-0.203229
1752081586666,0.02439,109238,2664.51,2664.31,-0.203229
1752081586666,0.02439,109238,2664.51,2664.31,-0.203229
1752081586668,0.02439,109238,2664.53,2664.31,-0.223229
1752081587716,0.02439,109238,2664.53,2664.31,-0.223473
1752081587716,0.02439,109238,2664.53,2664.31,-0.223473
1752081587716,0.02439,109238,2664.53,2664.31,-0.223473
1752081587716,0.02439,109238,2664.53,2664.31,-0.223473
1752081587716,0.02439,109238,2664.53,2664.31,-0.223473
1752081587716,0.02439,109238,2664.53,2664.31,-0.223473
1752081587716,0.02439,109238,2664.53,2664.31,-0.223473
1752081587716,0.02439,109238,2664.53,2664.31,-0.223473
1752081587716,0.02439,109238,2664.53,2664.31,-0.223473
1752081587716,0.02439,109238,2664.53,2664.31,-0.223473
1752081587716,0.02439,109238,2664.53,2664.31,-0.223473
1752081587716,0.02439,109238,2664.53,2664.31,-0.223473
1752081587716,0.02439,109238,2664.53,2664.31,-0.223473
1752081587716,0.02439,109238,2664.52,2664.31,-0.213473
1752081587716,0.02439,109238,2664.52,2664.31,-0.213473
1752081587716,0.02439,109238,2664.52,2664.31,-0.213473
1752081587716,0.02439,109238,2664.5,2664.31,-0.193473
1752081587716,0.02439,109238,2664.5,2664.31,-0.193473
1752081587716,0.02439,109238,2664.49,2664.31,-0.183473
1752081588066,0.02439,109238,2664.48,2664.31,-0.173229
1752081588066,0.02439,109238,2664.48,2664.31,-0.173229
1752081588066,0.02439,109238,2664.48,2664.31,-0.173229
1752081588066,0.02439,109238,2664.48,2664.31,-0.173229
1752081588066,0.02439,109238,2664.48,2664.31,-0.173229
1752081588066,0.02439,109238,2664.48,2664.31,-0.173229
1752081588066,0.02439,109238,2664.48,2664.31,-0.173229
1752081588066,0.02439,109238,2664.48,2664.31,-0.173229
1752081588068,0.02439,109238,2664.47,2664.31,-0.163229
1752081588068,0.02439,109238,2664.47,2664.31,-0.163229
1752081588068,0.02439,109238,2664.47,2664.31,-0.163229
1752081588068,0.02439,109238,2664.4,2664.31,-0.0932287
1752081588068,0.02439,109238,2664.4,2664.31,-0.0932287
1752081588625,0.02439,109238,2664.39,2664.31,-0.0832287
1752081588625,0.02439,109238,2664.39,2664.31,-0.0832287
1752081588625,0.02439,109238,2664.39,2664.31,-0.0832287
1752081588625,0.02439,109238,2664.39,2664.31,-0.0832287
1752081588625,0.02439,109238,2664.39,2664.31,-0.0832287
1752081588713,0.02439,109238,2664.39,2664.31,-0.0834726
1752081588725,0.02439,109238,2664.39,2664.31,-0.0834726
1752081588879,0.02439,109238,2664.4,2664.31,-0.0934726
1752081588879,0.02439,109238,2664.4,2664.31,-0.0934726
1752081588879,0.02439,109238,2664.4,2664.31,-0.0934726
1752081588879,0.02439,109238,2664.4,2664.31,-0.0934726
1752081588879,0.02439,109238,2664.4,2664.31,-0.0934726
1752081588879,0.02439,109238,2664.4,2664.31,-0.0934726
1752081588879,0.02439,109238,2664.4,2664.31,-0.0934726
1752081588879,0.02439,109238,2664.4,2664.31,-0.0934726
1752081588879,0.02439,109238,2664.4,2664.31,-0.0934726
1752081588879,0.02439,109238,2664.4,2664.31,-0.0934726
1752081588879,0.02439,109238,2664.4,2664.31,-0.0934726
1752081588879,0.02439,109238,2664.4,2664.31,-0.0934726
1752081588879,0.02439,109238,2664.41,2664.31,-0.103473
1752081588879,0.02439,109238,2664.41,2664.31,-0.103473
1752081588879,0.02439,109238,2664.41,2664.31,-0.103473
1752081588879,0.02439,109238,2664.41,2664.31,-0.103473
1752081588879,0.02439,109238,2664.41,2664.31,-0.103473
1752081589163,0.02439,109238,2664.43,2664.31,-0.123473
1752081589163,0.02439,109238,2664.43,2664.31,-0.123473
1752081589163,0.02439,109238,2664.43,2664.31,-0.123473
1752081589163,0.02439,109238,2664.43,2664.31,-0.123473
1752081589163,0.02439,109238,2664.43,2664.31,-0.123473
1752081589163,0.02439,109238,2664.43,2664.31,-0.123473
1752081589163,0.02439,109238,2664.43,2664.31,-0.123473
1752081589295,0.02439,109238,2664.43,2664.31,-0.123473
1752081589448,0.02439,109238,2664.42,2664.31,-0.113473
1752081590343,0.02439,109238,2664.43,2664.31,-0.123229
1752081590343,0.02439,109238,2664.43,2664.31,-0.123229
1752081590497,0.02439,109238,2664.43,2664.31,-0.123229
1752081590497,0.02439,109238,2664.43,2664.31,-0.123229
1752081590497,0.02439,109238,2664.43,2664.31,-0.123229
1752081590497,0.02439,109238,2664.43,2664.31,-0.123229
1752081590497,0.02439,109238,2664.43,2664.31,-0.123229
1752081590497,0.02439,109238,2664.43,2664.31,-0.123229
1752081590497,0.02439,109238,2664.43,2664.31,-0.123229
1752081590497,0.02439,109238,2664.43,2664.31,-0.123229
1752081590497,0.02439,109238,2664.43,2664.31,-0.123229
1752081590497,0.02439,109238,2664.44,2664.31,-0.133229
1752081590497,0.02439,109238,2664.44,2664.31,-0.133229
1752081590497,0.02439,109238,2664.44,2664.31,-0.133229
1752081590497,0.02439,109238,2664.44,2664.31,-0.133229
1752081590497,0.02439,109238,2664.44,2664.31,-0.133229
1752081590497,0.02439,109238,2664.45,2664.31,-0.143229
1752081590497,0.02439,109238,2664.45,2664.31,-0.143229
1752081590497,0.02439,109238,2664.46,2664.31,-0.153229
1752081590497,0.02439,109238,2664.46,2664.31,-0.153229
1752081590497,0.02439,109238,2664.47,2664.31,-0.163229
1752081590497,0.02439,109238,2664.48,2664.31,-0.173229
1752081590497,0.02439,109238,2664.48,2664.31,-0.173229
1752081590497,0.02439,109238,2664.49,2664.31,-0.183229
1752081590497,0.02439,109238,2664.5,2664.31,-0.193229
1752081590497,0.02439,109238,2664.5,2664.31,-0.193229
1752081590497,0.02439,109238,2664.5,2664.31,-0.193229
1752081590497,0.02439,109238,2664.5,2664.31,-0.193229
1752081590497,0.02439,109238,2664.5,2664.31,-0.193229
1752081590499,0.02439,109238,2664.5,2664.31,-0.193229
1752081590499,0.02439,109238,2664.5,2664.31,-0.193229
1752081590499,0.02439,109238,2664.51,2664.31,-0.203229
1752081590499,0.02439,109238,2664.51,2664.31,-0.203229
1752081590499,0.02439,109238,2664.52,2664.31,-0.213229
1752081590499,0.02439,109238,2664.52,2664.31,-0.213229
1752081590499,0.02439,109238,2664.53,2664.31,-0.223229
1752081590499,0.02439,109238,2664.53,2664.31,-0.223229
1752081590500,0.02439,109238,2664.54,2664.31,-0.233229
1752081590500,0.02439,109238,2664.54,2664.31,-0.233229
1752081590500,0.02439,109238,2664.54,2664.31,-0.233229
1752081590502,0.02439,109238,2664.54,2664.31,-0.233229
1752081590502,0.02439,109238,2664.54,2664.31,-0.233229
1752081590502,0.02439,109238,2664.54,2664.31,-0.233229
1752081590502,0.02439,109238,2664.54,2664.31,-0.233229
1752081590502,0.02439,109238,2664.54,2664.31,-0.233229
1752081590502,0.02439,109238,2664.54,2664.31,-0.233229
1752081590502,0.02439,109238,2664.54,2664.31,-0.233229
1752081590502,0.02439,109238,2664.54,2664.31,-0.233229
1752081590502,0.02439,109238,2664.54,2664.31,-0.233229
1752081590502,0.02439,109238,2664.54,2664.31,-0.233229
1752081590502,0.02439,109238,2664.54,2664.31,-0.233229
1752081590502,0.02439,109238,2664.55,2664.31,-0.243229
1752081590502,0.02439,109238,2664.55,2664.31,-0.243229
1752081590502,0.02439,109238,2664.55,2664.31,-0.243229
1752081590502,0.02439,109238,2664.55,2664.31,-0.243229
1752081590502,0.02439,109238,2664.55,2664.31,-0.243229
1752081590647,0.02439,109238,2664.55,2664.31,-0.243473
1752081590647,0.02439,109238,2664.55,2664.31,-0.243473
1752081591582,0.02439,109238,2664.55,2664.31,-0.243229
1752081591910,0.02439,109238,2664.56,2664.31,-0.253473
1752081591910,0.02439,109238,2664.56,2664.31,-0.253473
1752081591910,0.02439,109238,2664.56,2664.31,-0.253473
1752081591910,0.02439,109238,2664.56,2664.31,-0.253473
1752081591910,0.02439,109238,2664.56,2664.31,-0.253473
1752081591910,0.02439,109238,2664.56,2664.31,-0.253473
1752081591910,0.02439,109238,2664.56,2664.31,-0.253473
1752081591910,0.02439,109238,2664.56,2664.31,-0.253473
1752081591910,0.02439,109238,2664.56,2664.31,-0.253473
1752081591910,0.02439,109238,2664.56,2664.31,-0.253473
1752081591910,0.02439,109238,2664.56,2664.31,-0.253473
1752081591910,0.02439,109238,2664.56,2664.31,-0.253473
1752081591910,0.02439,109238,2664.56,2664.31,-0.253473
1752081591910,0.02439,109238,2664.56,2664.31,-0.253473
1752081591910,0.02439,109238,2664.56,2664.31,-0.253473
1752081591912,0.02439,109238,2664.56,2664.31,-0.253473
1752081591912,0.02439,109238,2664.56,2664.31,-0.253473
1752081592458,0.02439,109238,2664.57,2664.31,-0.263473
1752081593920,0.02439,109238,2664.56,2664.31,-0.253473
1752081594079,0.02439,109238,2664.56,2664.31,-0.253229
1752081594816,0.02439,109238,2664.57,2664.31,-0.263229
1752081594816,0.02439,109238,2664.57,2664.31,-0.263229
1752081594816,0.02439,109238,2664.57,2664.31,-0.263229
1752081594816,0.02439,109238,2664.57,2664.31,-0.263229
1752081594816,0.02439,109238,2664.57,2664.31,-0.263229
1752081594816,0.02439,109238,2664.57,2664.31,-0.263229
1752081594816,0.02439,109238,2664.57,2664.31,-0.263229
1752081594816,0.02439,109238,2664.57,2664.31,-0.263229
1752081594816,0.02439,109238,2664.57,2664.31,-0.263229
1752081594816,0.02439,109238,2664.57,2664.31,-0.263229
1752081594816,0.02439,109238,2664.57,2664.31,-0.263229
1752081594816,0.02439,109238,2664.57,2664.31,-0.263229
1752081594816,0.02439,109238,2664.57,2664.31,-0.263229
1752081594816,0.02439,109238,2664.57,2664.31,-0.263229
1752081594816,0.02439,109238,2664.57,2664.31,-0.263229
1752081594816,0.02439,109238,2664.57,2664.31,-0.263229
1752081594816,0.02439,109238,2664.57,2664.31,-0.263229
1752081594816,0.02439,109238,2664.57,2664.31,-0.263229
1752081594816,0.02439,109238,2664.58,2664.31,-0.273229
1752081594816,0.02439,109238,2664.58,2664.31,-0.273229
1752081594816,0.02439,109238,2664.58,2664.31,-0.273229
1752081594816,0.02439,109238,2664.58,2664.31,-0.273229
1752081594816,0.02439,109238,2664.59,2664.31,-0.283229
1752081594816,0.02439,109238,2664.59,2664.31,-0.283229
1752081594816,0.02439,109238,2664.59,2664.31,-0.283229
1752081594816,0.02439,109238,2664.6,2664.31,-0.293229
1752081594816,0.02439,109238,2664.6,2664.31,-0.293229
1752081594816,0.02439,109238,2664.61,2664.31,-0.303229
1752081594816,0.02439,109238,2664.62,2664.31,-0.313229
1752081594816,0.02439,109238,2664.63,2664.31,-0.323229
1752081594816,0.02439,109238,2664.63,2664.31,-0.323229
1752081594816,0.02439,109238,2664.64,2664.31,-0.333229
1752081594816,0.02439,109238,2664.64,2664.31,-0.333229
1752081594816,0.02439,109238,2664.64,2664.31,-0.333229
1752081594816,0.02439,109238,2664.64,2664.31,-0.333229
1752081594816,0.02439,109238,2664.64,2664.31,-0.333229
1752081594816,0.02439,109238,2664.64,2664.31,-0.333229
1752081594949,0.02439,109238,2664.64,2664.31,-0.333229
1752081595012,0.02439,109238,2664.64,2664.31,-0.333229
1752081595021,0.02439,109238,2664.65,2664.31,-0.343229
1752081595021,0.02439,109238,2664.65,2664.31,-0.343229
1752081595021,0.02439,109238,2664.65,2664.31,-0.343229
1752081595021,0.02439,109238,2664.65,2664.31,-0.343229
1752081595021,0.02439,109238,2664.65,2664.31,-0.343229
1752081595021,0.02439,109238,2664.65,2664.31,-0.343229
1752081595021,0.02439,109238,2664.65,2664.31,-0.343229
1752081595021,0.02439,109238,2664.65,2664.31,-0.343229
1752081595021,0.02439,109238,2664.65,2664.31,-0.343229
1752081595021,0.02439,109238,2664.65,2664.31,-0.343229
1752081595021,0.02439,109238,2664.65,2664.31,-0.343229
1752081595021,0.02439,109238,2664.65,2664.31,-0.343229
1752081595021,0.02439,109238,2664.65,2664.31,-0.343229
1752081595021,0.02439,109238,2664.65,2664.31,-0.343229
1752081595021,0.02439,109238,2664.65,2664.31,-0.343229
1752081595021,0.02439,109238,2664.66,2664.31,-0.353229
1752081595021,0.02439,109238,2664.66,2664.31,-0.353229
1752081595021,0.02439,109238,2664.66,2664.31,-0.353229
1752081595021,0.02439,109238,2664.66,2664.31,-0.353229
1752081595021,0.02439,109238,2664.66,2664.31,-0.353229
1752081595021,0.02439,109238,2664.66,2664.31,-0.353229
1752081595021,0.02439,109238,2664.67,2664.31,-0.363229
1752081595021,0.02439,109238,2664.67,2664.31,-0.363229
1752081595021,0.02439,109238,2664.67,2664.31,-0.363229
1752081595030,0.02439,109238,2664.68,2664.31,-0.373229
1752081595033,0.02439,109238,2664.68,2664.31,-0.373229
1752081595053,0.02439,109238,2664.67,2664.31,-0.363229
1752081595060,0.02439,109238,2664.67,2664.31,-0.363229
1752081595108,0.02439,109238,2664.68,2664.31,-0.373229
1752081595108,0.02439,109238,2664.68,2664.31,-0.373229
1752081595108,0.02439,109238,2664.68,2664.31,-0.373229
1752081595108,0.02439,109238,2664.68,2664.31,-0.373229
1752081595108,0.02439,109238,2664.68,2664.31,-0.373229
1752081595108,0.02439,109238,2664.68,2664.31,-0.373229
1752081595108,0.02439,109238,2664.68,2664.31,-0.373229
1752081595108,0.02439,109238,2664.68,2664.31,-0.373229
1752081595108,0.02439,109238,2664.68,2664.31,-0.373229
1752081595108,0.02439,109238,2664.68,2664.31,-0.373229
1752081595108,0.02439,109238,2664.68,2664.31,-0.373229
1752081595108,0.02439,109238,2664.68,2664.31,-0.373229
1752081595108,0.02439,109238,2664.68,2664.31,-0.373229
1752081595108,0.02439,109238,2664.68,2664.31,-0.373229
1752081595108,0.02439,109238,2664.69,2664.31,-0.383229
1752081595108,0.02439,109238,2664.69,2664.31,-0.383229
1752081595108,0.02439,109238,2664.69,2664.31,-0.383229
1752081595108,0.02439,109238,2664.69,2664.31,-0.383229
1752081595108,0.02439,109238,2664.69,2664.31,-0.383229
1752081595108,0.02439,109238,2664.69,2664.31,-0.383229
1752081595108,0.02439,109238,2664.69,2664.31,-0.383229
1752081595108,0.02439,109238,2664.7,2664.31,-0.393229
1752081595108,0.02439,109238,2664.71,2664.31,-0.403229
1752081595108,0.02439,109238,2664.71,2664.31,-0.403229
1752081595110,0.02439,109238,2664.71,2664.31,-0.403229
1752081595110,0.02439,109238,2664.72,2664.31,-0.413229
1752081595110,0.02439,109238,2664.72,2664.31,-0.413229
1752081595117,0.02439,109238,2664.73,2664.31,-0.423229
1752081595117,0.02439,109238,2664.73,2664.31,-0.423229
1752081595117,0.02439,109238,2664.73,2664.31,-0.423229
1752081595117,0.02439,109238,2664.73,2664.31,-0.423229
1752081595120,0.02439,109238,2664.73,2664.31,-0.423229
1752081595120,0.02439,109238,2664.73,2664.31,-0.423229
1752081595120,0.02439,109238,2664.73,2664.31,-0.423229
1752081595120,0.02439,109238,2664.73,2664.31,-0.423229
1752081595120,0.02439,109238,2664.73,2664.31,-0.423229
1752081595120,0.02439,109238,2664.73,2664.31,-0.423229
1752081595120,0.02439,109238,2664.73,2664.31,-0.423229
1752081595120,0.02439,109238,2664.73,2664.31,-0.423229
1752081595120,0.02439,109238,2664.73,2664.31,-0.423229
1752081595120,0.02439,109238,2664.73,2664.31,-0.423229
1752081595120,0.02439,109238,2664.73,2664.31,-0.423229
1752081595120,0.02439,109238,2664.73,2664.31,-0.423229
1752081595120,0.02439,109238,2664.74,2664.31,-0.433229
1752081595120,0.02439,109238,2664.74,2664.31,-0.433229
1752081595120,0.02439,109238,2664.74,2664.31,-0.433229
1752081595120,0.02439,109238,2664.74,2664.31,-0.433229
1752081595120,0.02439,109238,2664.74,2664.31,-0.433229
1752081595120,0.02439,109238,2664.74,2664.31,-0.433229
1752081595120,0.02439,109238,2664.75,2664.31,-0.443229
1752081595120,0.02439,109238,2664.75,2664.31,-0.443229
1752081595120,0.02439,109238,2664.76,2664.31,-0.453229
1752081595120,0.02439,109238,2664.76,2664.31,-0.453229
1752081595120,0.02439,109238,2664.77,2664.31,-0.463229
1752081595120,0.02439,109238,2664.77,2664.31,-0.463229
1752081595120,0.02439,109238,2664.8,2664.31,-0.493229
1752081595122,0.02439,109238,2664.8,2664.31,-0.493229
1752081595122,0.02439,109238,2664.8,2664.31,-0.493229
1752081595122,0.02439,109238,2664.8,2664.31,-0.493229
1752081595122,0.02439,109238,2664.8,2664.31,-0.493229
1752081595122,0.02439,109238,2664.81,2664.31,-0.503229
1752081595122,0.02439,109238,2664.81,2664.31,-0.503229
1752081595152,0.02439,109238,2664.82,2664.31,-0.513229
1752081595154,0.02439,109238,2664.83,2664.31,-0.523229
1752081595154,0.02439,109238,2664.83,2664.31,-0.523229
1752081595154,0.02439,109238,2664.83,2664.31,-0.523229
1752081595154,0.02439,109238,2664.83,2664.31,-0.523229
1752081595154,0.02439,109238,2664.83,2664.31,-0.523229
1752081595154,0.02439,109238,2664.83,2664.31,-0.523229
1752081595154,0.02439,109238,2664.83,2664.31,-0.523229
1752081595154,0.02439,109238,2664.83,2664.31,-0.523229
1752081595154,0.02439,109238,2664.83,2664.31,-0.523229
1752081595154,0.02439,109238,2664.83,2664.31,-0.523229
1752081595154,0.02439,109238,2664.83,2664.31,-0.523229
1752081595154,0.02439,109238,2664.83,2664.31,-0.523229
1752081595154,0.02439,109238,2664.84,2664.31,-0.533229
1752081595155,0.02439,109238,2664.84,2664.31,-0.533229
1752081595155,0.02439,109238,2664.84,2664.31,-0.533229
1752081595155,0.02439,109238,2664.84,2664.31,-0.533229
1752081595155,0.02439,109238,2664.84,2664.31,-0.533229
1752081595155,0.02439,109238,2664.84,2664.31,-0.533229
1752081595155,0.02439,109238,2664.84,2664.31,-0.533229
1752081595155,0.02439,109238,2664.84,2664.31,-0.533229
1752081595218,0.02439,109238,2664.85,2664.31,-0.543229
1752081595218,0.02439,109238,2664.85,2664.31,-0.543229
1752081595218,0.02439,109238,2664.85,2664.31,-0.543229
1752081595218,0.02439,109238,2664.85,2664.31,-0.543229
1752081595218,0.02439,109238,2664.85,2664.31,-0.543229
1752081595218,0.02439,109238,2664.85,2664.31,-0.543229
1752081595218,0.02439,109238,2664.85,2664.31,-0.543229
1752081595218,0.02439,109238,2664.85,2664.31,-0.543229
1752081595218,0.02439,109238,2664.85,2664.31,-0.543229
1752081595218,0.02439,109238,2664.85,2664.31,-0.543229
1752081595218,0.02439,109238,2664.85,2664.31,-0.543229
1752081595218,0.02439,109238,2664.85,2664.31,-0.543229
1752081595218,0.02439,109238,2664.85,2664.31,-0.543229
1752081595218,0.02439,109238,2664.85,2664.31,-0.543229
1752081595218,0.02439,109238,2664.85,2664.31,-0.543229
1752081595218,0.02439,109238,2664.85,2664.31,-0.543229
1752081595218,0.02439,109238,2664.86,2664.31,-0.553229
1752081595218,0.02439,109238,2664.86,2664.31,-0.553229
1752081595220,0.02439,109238,2664.86,2664.31,-0.553229
1752081595220,0.02439,109238,2664.86,2664.31,-0.553229
1752081595220,0.02439,109238,2664.86,2664.31,-0.553229
1752081595220,0.02439,109238,2664.86,2664.31,-0.553229
1752081595220,0.02439,109238,2664.86,2664.31,-0.553229
1752081595222,0.02439,109238,2664.87,2664.31,-0.563229
1752081595222,0.02439,109238,2664.87,2664.31,-0.563229
1752081595222,0.02439,109238,2664.87,2664.31,-0.563229
1752081595222,0.02439,109238,2664.87,2664.31,-0.563229
1752081595222,0.02439,109238,2664.87,2664.31,-0.563229
1752081595222,0.02439,109238,2664.87,2664.31,-0.563229
1752081595222,0.02439,109238,2664.87,2664.31,-0.563229
1752081595222,0.02439,109238,2664.87,2664.31,-0.563229
1752081595222,0.02439,109238,2664.88,2664.31,-0.573229
1752081595222,0.02439,109238,2664.88,2664.31,-0.573229
1752081595222,0.02439,109238,2664.89,2664.31,-0.583229
1752081595222,0.02439,109238,2664.9,2664.31,-0.593229
1752081595222,0.02439,109238,2664.9,2664.31,-0.593229
1752081595222,0.02439,109238,2664.9,2664.31,-0.593229
1752081595222,0.02439,109238,2664.93,2664.31,-0.623229
1752081595222,0.02439,109238,2664.93,2664.31,-0.623229
1752081595222,0.02439,109238,2664.94,2664.31,-0.633229
1752081595222,0.02439,109238,2664.95,2664.31,-0.643229
1752081595228,0.02439,109238,2664.95,2664.31,-0.643229
1752081595230,0.02439,109238,2664.95,2664.31,-0.643229
1752081595230,0.02439,109238,2664.95,2664.31,-0.643229
1752081595230,0.02439,109238,2664.95,2664.31,-0.643229
1752081595230,0.02439,109238,2664.95,2664.31,-0.643229
1752081595230,0.02439,109238,2664.95,2664.31,-0.643229
1752081595230,0.02439,109238,2664.95,2664.31,-0.643229
1752081595230,0.02439,109238,2664.95,2664.31,-0.643229
1752081595230,0.02439,109238,2664.95,2664.31,-0.643229
1752081595230,0.02439,109238,2664.95,2664.31,-0.643229
1752081595230,0.02439,109238,2664.95,2664.31,-0.643229
1752081595260,0.02439,109238,2664.95,2664.31,-0.643229
1752081595962,0.02439,109238,2664.96,2664.31,-0.653473
1752081596405,0.02439,109238,2664.96,2664.31,-0.653473
1752081596763,0.02439,109238,2664.95,2664.31,-0.643473
1752081596763,0.02439,109238,2664.95,2664.31,-0.643473
1752081596763,0.02439,109238,2664.95,2664.31,-0.643473
1752081597824,0.02439,109238,2664.95,2664.31,-0.643473
1752081598583,0.02439,109238,2664.95,2664.31,-0.643229
1752081598633,0.02439,109238,2664.95,2664.31,-0.643229
1752081598932,0.02439,109238,2664.96,2664.31,-0.653229
1752081599054,0.02439,109238,2664.95,2664.31,-0.643473
1752081599117,0.02439,109238,2664.95,2664.31,-0.643473
1752081599710,0.02439,109238,2664.96,2664.31,-0.653473
1752081602256,0.02439,109238,2664.96,2664.31,-0.653229
1752081603199,0.02439,109238,2664.96,2664.31,-0.653473
1752081603199,0.02439,109238,2664.96,2664.31,-0.653473
1752081603199,0.02439,109238,2664.96,2664.31,-0.653473
1752081603199,0.02439,109238,2664.96,2664.31,-0.653473
1752081603199,0.02439,109238,2664.96,2664.31,-0.653473
1752081603268,0.02439,109238,2664.95,2664.31,-0.643473
1752081603268,0.02439,109238,2664.95,2664.31,-0.643473
1752081603417,0.02439,109238,2664.95,2664.31,-0.643473
1752081603417,0.02439,109238,2664.95,2664.31,-0.643473
1752081603417,0.02439,109238,2664.95,2664.31,-0.643473
1752081603417,0.02439,109238,2664.95,2664.31,-0.643473
1752081603417,0.02439,109238,2664.95,2664.31,-0.643473
1752081603417,0.02439,109238,2664.95,2664.31,-0.643473
1752081603417,0.02439,109238,2664.95,2664.31,-0.643473
1752081603417,0.02439,109238,2664.95,2664.31,-0.643473
1752081603417,0.02439,109238,2664.95,2664.31,-0.643473
1752081603417,0.02439,109238,2664.95,2664.31,-0.643473
1752081603417,0.02439,109238,2664.95,2664.31,-0.643473
1752081603417,0.02439,109238,2664.95,2664.31,-0.643473
1752081603417,0.02439,109238,2664.95,2664.31,-0.643473
1752081603417,0.02439,109238,2664.95,2664.31,-0.643473
1752081603417,0.02439,109238,2664.95,2664.31,-0.643473
1752081603417,0.02439,109238,2664.95,2664.31,-0.643473
1752081603417,0.02439,109238,2664.95,2664.31,-0.643473
1752081603417,0.02439,109238,2664.95,2664.31,-0.643473
1752081603423,0.02439,109238,2664.94,2664.31,-0.633473
1752081603423,0.02439,109238,2664.94,2664.31,-0.633473
1752081603423,0.02439,109238,2664.94,2664.31,-0.633473
1752081603423,0.02439,109238,2664.94,2664.31,-0.633473
1752081603423,0.02439,109238,2664.94,2664.31,-0.633473
1752081603423,0.02439,109238,2664.94,2664.31,-0.633473
1752081603423,0.02439,109238,2664.94,2664.31,-0.633473
1752081603423,0.02439,109238,2664.94,2664.31,-0.633473
1752081603423,0.02439,109238,2664.94,2664.31,-0.633473
1752081603423,0.02439,109238,2664.94,2664.31,-0.633473
1752081603423,0.02439,109238,2664.94,2664.31,-0.633473
1752081603423,0.02439,109238,2664.94,2664.31,-0.633473
1752081603423,0.02439,109238,2664.94,2664.31,-0.633473
1752081603423,0.02439,109238,2664.93,2664.31,-0.623473
1752081603423,0.02439,109238,2664.93,2664.31,-0.623473
1752081603423,0.02439,109238,2664.93,2664.31,-0.623473
1752081603423,0.02439,109238,2664.93,2664.31,-0.623473
1752081603423,0.02439,109238,2664.93,2664.31,-0.623473
1752081603423,0.02439,109238,2664.92,2664.31,-0.613473
1752081603423,0.02439,109238,2664.92,2664.31,-0.613473
1752081603423,0.02439,109238,2664.92,2664.31,-0.613473
1752081603423,0.02439,109238,2664.91,2664.31,-0.603473
1752081603423,0.02439,109238,2664.89,2664.31,-0.583473
1752081603423,0.02439,109238,2664.88,2664.31,-0.573473
1752081603423,0.02439,109238,2664.87,2664.31,-0.563473
1752081603423,0.02439,109238,2664.86,2664.31,-0.553473
1752081603423,0.02439,109238,2664.86,2664.31,-0.553473
1752081603423,0.02439,109238,2664.86,2664.31,-0.553473
1752081603716,0.02439,109238,2664.85,2664.31,-0.543473
1752081603716,0.02439,109238,2664.85,2664.31,-0.543473
1752081603716,0.02439,109238,2664.85,2664.31,-0.543473
1752081603716,0.02439,109238,2664.85,2664.31,-0.543473
1752081603716,0.02439,109238,2664.85,2664.31,-0.543473
1752081603716,0.02439,109238,2664.85,2664.31,-0.543473
1752081603716,0.02439,109238,2664.85,2664.31,-0.543473
1752081603716,0.02439,109238,2664.85,2664.31,-0.543473
1752081603716,0.02439,109238,2664.85,2664.31,-0.543473
1752081603716,0.02439,109238,2664.85,2664.31,-0.543473
1752081603716,0.02439,109238,2664.85,2664.31,-0.543473
1752081603716,0.02439,109238,2664.85,2664.31,-0.543473
1752081603716,0.02439,109238,2664.85,2664.31,-0.543473
1752081603716,0.02439,109238,2664.85,2664.31,-0.543473
1752081603716,0.02439,109238,2664.85,2664.31,-0.543473
1752081603716,0.02439,109238,2664.85,2664.31,-0.543473
1752081603716,0.02439,109238,2664.84,2664.31,-0.533473
1752081603716,0.02439,109238,2664.84,2664.31,-0.533473
1752081603716,0.02439,109238,2664.84,2664.31,-0.533473
1752081603716,0.02439,109238,2664.84,2664.31,-0.533473
1752081603716,0.02439,109238,2664.84,2664.31,-0.533473
1752081603716,0.02439,109238,2664.84,2664.31,-0.533473
1752081603716,0.02439,109238,2664.84,2664.31,-0.533473
1752081603716,0.02439,109238,2664.83,2664.31,-0.523473
1752081603716,0.02439,109238,2664.83,2664.31,-0.523473
1752081603716,0.02439,109238,2664.83,2664.31,-0.523473
1752081603716,0.02439,109238,2664.82,2664.31,-0.513473
1752081603716,0.02439,109238,2664.81,2664.31,-0.503473
1752081603716,0.02439,109238,2664.81,2664.31,-0.503473
1752081603716,0.02439,109238,2664.8,2664.31,-0.493473
1752081603716,0.02439,109238,2664.8,2664.31,-0.493473
1752081604271,0.02439,109238,2664.79,2664.31,-0.483473
1752081604318,0.02439,109238,2664.79,2664.31,-0.483229
1752081605637,0.02439,109238,2664.79,2664.31,-0.483473
1752081605637,0.02439,109238,2664.79,2664.31,-0.483473
1752081605637,0.02439,109238,2664.79,2664.31,-0.483473
1752081605637,0.02439,109238,2664.79,2664.31,-0.483473
1752081605680,0.02439,109238,2664.79,2664.31,-0.483473
1752081605680,0.02439,109238,2664.79,2664.31,-0.483473
1752081605694,0.02439,109238,2664.79,2664.31,-0.483473
1752081605694,0.02439,109238,2664.79,2664.31,-0.483473
1752081605694,0.02439,109238,2664.79,2664.31,-0.483473
1752081605694,0.02439,109238,2664.79,2664.31,-0.483473
1752081605694,0.02439,109238,2664.79,2664.31,-0.483473
1752081605694,0.02439,109238,2664.79,2664.31,-0.483473
1752081605694,0.02439,109238,2664.79,2664.31,-0.483473
1752081605694,0.02439,109238,2664.79,2664.31,-0.483473
1752081605694,0.02439,109238,2664.79,2664.31,-0.483473
1752081605694,0.02439,109238,2664.79,2664.31,-0.483473
1752081605694,0.02439,109238,2664.79,2664.31,-0.483473
1752081605694,0.02439,109238,2664.79,2664.31,-0.483473
1752081605694,0.02439,109238,2664.79,2664.31,-0.483473
1752081605694,0.02439,109238,2664.79,2664.31,-0.483473
1752081605694,0.02439,109238,2664.79,2664.31,-0.483473
1752081605694,0.02439,109238,2664.79,2664.31,-0.483473
1752081605694,0.02439,109238,2664.79,2664.31,-0.483473
1752081605694,0.02439,109238,2664.79,2664.31,-0.483473
1752081605694,0.02439,109238,2664.79,2664.31,-0.483473
1752081605694,0.02439,109238,2664.78,2664.31,-0.473473
1752081605694,0.02439,109238,2664.78,2664.31,-0.473473
1752081605694,0.02439,109238,2664.78,2664.31,-0.473473
1752081605694,0.02439,109238,2664.78,2664.31,-0.473473
1752081605694,0.02439,109238,2664.78,2664.31,-0.473473
1752081605695,0.02439,109238,2664.77,2664.31,-0.463473
1752081605695,0.02439,109238,2664.76,2664.31,-0.453473
1752081605695,0.02439,109238,2664.75,2664.31,-0.443473
1752081605695,0.02439,109238,2664.74,2664.31,-0.433473
1752081605695,0.02439,109238,2664.73,2664.31,-0.423473
1752081605695,0.02439,109238,2664.72,2664.31,-0.413473
1752081605695,0.02439,109238,2664.71,2664.31,-0.403473
1752081605695,0.02439,109238,2664.7,2664.31,-0.393473
1752081605695,0.02439,109238,2664.7,2664.31,-0.393473
1752081605816,0.02439,109238,2664.69,2664.31,-0.383473
1752081605816,0.02439,109238,2664.69,2664.31,-0.383473
1752081605816,0.02439,109238,2664.69,2664.31,-0.383473
1752081605816,0.02439,109238,2664.69,2664.31,-0.383473
1752081605816,0.02439,109238,2664.69,2664.31,-0.383473
1752081605816,0.02439,109238,2664.69,2664.31,-0.383473
1752081605816,0.02439,109238,2664.69,2664.31,-0.383473
1752081605816,0.02439,109238,2664.69,2664.31,-0.383473
1752081605816,0.02439,109238,2664.69,2664.31,-0.383473
1752081605816,0.02439,109238,2664.69,2664.31,-0.383473
1752081605816,0.02439,109238,2664.69,2664.31,-0.383473
1752081605816,0.02439,109238,2664.68,2664.31,-0.373473
1752081605816,0.02439,109238,2664.68,2664.31,-0.373473
1752081605816,0.02439,109238,2664.68,2664.31,-0.373473
1752081605816,0.02439,109238,2664.68,2664.31,-0.373473
1752081605816,0.02439,109238,2664.68,2664.31,-0.373473
1752081605816,0.02439,109238,2664.68,2664.31,-0.373473
1752081605816,0.02439,109238,2664.68,2664.31,-0.373473
1752081605816,0.02439,109238,2664.68,2664.31,-0.373473
1752081605816,0.02439,109238,2664.68,2664.31,-0.373473
1752081605816,0.02439,109238,2664.67,2664.31,-0.363473
1752081605816,0.02439,109238,2664.66,2664.31,-0.353473
1752081605816,0.02439,109238,2664.66,2664.31,-0.353473
1752081605816,0.02439,109238,2664.66,2664.31,-0.353473
1752081605816,0.02439,109238,2664.65,2664.31,-0.343473
1752081605816,0.02439,109238,2664.65,2664.31,-0.343473
1752081605816,0.02439,109238,2664.64,2664.31,-0.333473
1752081605816,0.02439,109238,2664.64,2664.31,-0.333473
1752081605816,0.02439,109238,2664.63,2664.31,-0.323473
1752081605816,0.02439,109238,2664.63,2664.31,-0.323473
1752081605816,0.02439,109238,2664.62,2664.31,-0.313473
1752081605816,0.02439,109238,2664.62,2664.31,-0.313473
1752081605816,0.02439,109238,2664.61,2664.31,-0.303473
1752081605816,0.02439,109238,2664.61,2664.31,-0.303473
1752081605816,0.02439,109238,2664.61,2664.31,-0.303473
1752081605816,0.02439,109238,2664.6,2664.31,-0.293473
1752081605816,0.02439,109238,2664.59,2664.31,-0.283473
1752081605816,0.02439,109238,2664.58,2664.31,-0.273473
1752081605816,0.02439,109238,2664.58,2664.31,-0.273473
1752081605816,0.02439,109238,2664.57,2664.31,-0.263473
1752081605816,0.02439,109238,2664.57,2664.31,-0.263473
1752081605816,0.02439,109238,2664.57,2664.31,-0.263473
1752081605816,0.02439,109238,2664.57,2664.31,-0.263473
1752081605816,0.02439,109238,2664.57,2664.31,-0.263473
1752081605816,0.02439,109238,2664.57,2664.31,-0.263473
1752081605816,0.02439,109238,2664.57,2664.31,-0.263473
1752081605817,0.02439,109238,2664.56,2664.31,-0.253473
1752081605878,0.02439,109238,2664.56,2664.31,-0.253473
1752081605878,0.02439,109238,2664.56,2664.31,-0.253473
1752081605878,0.02439,109238,2664.56,2664.31,-0.253473
1752081605878,0.02439,109238,2664.56,2664.31,-0.253473
1752081605878,0.02439,109238,2664.56,2664.31,-0.253473
1752081605878,0.02439,109238,2664.56,2664.31,-0.253473
1752081605878,0.02439,109238,2664.56,2664.31,-0.253473
1752081605878,0.02439,109238,2664.56,2664.31,-0.253473
1752081605878,0.02439,109238,2664.56,2664.31,-0.253473
1752081605878,0.02439,109238,2664.56,2664.31,-0.253473
1752081605878,0.02439,109238,2664.56,2664.31,-0.253473
1752081605878,0.02439,109238,2664.56,2664.31,-0.253473
1752081605878,0.02439,109238,2664.56,2664.31,-0.253473
1752081605878,0.02439,109238,2664.56,2664.31,-0.253473
1752081605878,0.02439,109238,2664.56,2664.31,-0.253473
1752081605878,0.02439,109238,2664.56,2664.31,-0.253473
1752081605878,0.02439,109238,2664.56,2664.31,-0.253473
1752081605880,0.02439,109238,2664.55,2664.31,-0.243473
1752081605880,0.02439,109238,2664.55,2664.31,-0.243473
1752081605880,0.02439,109238,2664.55,2664.31,-0.243473
1752081605880,0.02439,109238,2664.55,2664.31,-0.243473
1752081605880,0.02439,109238,2664.55,2664.31,-0.243473
1752081605880,0.02439,109238,2664.55,2664.31,-0.243473
1752081605880,0.02439,109238,2664.55,2664.31,-0.243473
1752081605880,0.02439,109238,2664.55,2664.31,-0.243473
1752081605880,0.02439,109238,2664.55,2664.31,-0.243473
1752081605880,0.02439,109238,2664.55,2664.31,-0.243473
1752081605880,0.02439,109238,2664.55,2664.31,-0.243473
1752081605880,0.02439,109238,2664.55,2664.31,-0.243473
1752081605880,0.02439,109238,2664.55,2664.31,-0.243473
1752081605880,0.02439,109238,2664.55,2664.31,-0.243473
1752081605880,0.02439,109238,2664.55,2664.31,-0.243473
1752081605880,0.02439,109238,2664.55,2664.31,-0.243473
1752081605880,0.02439,109238,2664.55,2664.31,-0.243473
1752081605880,0.02439,109238,2664.55,2664.31,-0.243473
1752081605880,0.02439,109238,2664.55,2664.31,-0.243473
1752081605880,0.02439,109238,2664.55,2664.31,-0.243473
1752081605880,0.02439,109238,2664.55,2664.31,-0.243473
1752081605880,0.02439,109238,2664.55,2664.31,-0.243473
1752081605880,0.02439,109238,2664.55,2664.31,-0.243473
1752081605880,0.02439,109238,2664.55,2664.31,-0.243473
1752081605880,0.02439,109238,2664.55,2664.31,-0.243473
1752081605882,0.02439,109238,2664.55,2664.31,-0.243473
1752081605882,0.02439,109238,2664.55,2664.31,-0.243473
1752081605882,0.02439,109238,2664.55,2664.31,-0.243473
1752081605882,0.02439,109238,2664.55,2664.31,-0.243473
1752081605882,0.02439,109238,2664.55,2664.31,-0.243473
1752081605882,0.02439,109238,2664.55,2664.31,-0.243473
1752081605882,0.02439,109238,2664.55,2664.31,-0.243473
1752081605882,0.02439,109238,2664.55,2664.31,-0.243473
1752081605882,0.02439,109238,2664.55,2664.31,-0.243473
1752081605882,0.02439,109238,2664.55,2664.31,-0.243473
1752081605882,0.02439,109238,2664.54,2664.31,-0.233473
1752081605882,0.02439,109238,2664.54,2664.31,-0.233473
1752081605882,0.02439,109238,2664.54,2664.31,-0.233473
1752081605882,0.02439,109238,2664.54,2664.31,-0.233473
1752081605882,0.02439,109238,2664.54,2664.31,-0.233473
1752081605882,0.02439,109238,2664.54,2664.31,-0.233473
1752081605882,0.02439,109238,2664.54,2664.31,-0.233473
1752081605882,0.02439,109238,2664.54,2664.31,-0.233473
1752081605882,0.02439,109238,2664.53,2664.31,-0.223473
1752081605882,0.02439,109238,2664.53,2664.31,-0.223473
1752081605882,0.02439,109238,2664.53,2664.31,-0.223473
1752081605882,0.02439,109238,2664.52,2664.31,-0.213473
1752081605885,0.02439,109238,2664.51,2664.31,-0.203473
1752081605885,0.02439,109238,2664.51,2664.31,-0.203473
1752081605885,0.02439,109238,2664.51,2664.31,-0.203473
1752081605885,0.02439,109238,2664.51,2664.31,-0.203473
1752081605885,0.02439,109238,2664.51,2664.31,-0.203473
1752081605885,0.02439,109238,2664.51,2664.31,-0.203473
1752081605885,0.02439,109238,2664.5,2664.31,-0.193473
1752081605885,0.02439,109238,2664.5,2664.31,-0.193473
1752081605885,0.02439,109238,2664.5,2664.31,-0.193473
1752081605885,0.02439,109238,2664.5,2664.31,-0.193473
1752081605885,0.02439,109238,2664.5,2664.31,-0.193473
1752081605885,0.02439,109238,2664.49,2664.31,-0.183473
1752081605885,0.02439,109238,2664.49,2664.31,-0.183473
1752081605885,0.02439,109238,2664.49,2664.31,-0.183473
1752081605885,0.02439,109238,2664.48,2664.31,-0.173473
1752081605885,0.02439,109238,2664.48,2664.31,-0.173473
1752081605885,0.02439,109238,2664.46,2664.31,-0.153473
1752081605896,0.02439,109238,2664.46,2664.31,-0.153473
1752081605988,0.02439,109238,2664.46,2664.31,-0.153473
1752081606064,0.02439,109238,2664.45,2664.31,-0.143473
1752081606064,0.02439,109238,2664.45,2664.31,-0.143473
1752081606064,0.02439,109238,2664.45,2664.31,-0.143473
1752081606064,0.02439,109238,2664.45,2664.31,-0.143473
1752081606064,0.02439,109238,2664.45,2664.31,-0.143473
1752081606064,0.02439,109238,2664.45,2664.31,-0.143473
1752081606064,0.02439,109238,2664.45,2664.31,-0.143473
1752081606064,0.02439,109238,2664.45,2664.31,-0.143473
1752081606064,0.02439,109238,2664.45,2664.31,-0.143473
1752081606064,0.02439,109238,2664.45,2664.31,-0.143473
1752081606064,0.02439,109238,2664.45,2664.31,-0.143473
1752081606064,0.02439,109238,2664.45,2664.31,-0.143473
1752081606064,0.02439,109238,2664.45,2664.31,-0.143473
1752081606064,0.02439,109238,2664.45,2664.31,-0.143473
1752081606064,0.02439,109238,2664.45,2664.31,-0.143473
1752081606064,0.02439,109238,2664.45,2664.31,-0.143473
1752081606064,0.02439,109238,2664.44,2664.31,-0.133473
1752081606064,0.02439,109238,2664.44,2664.31,-0.133473
1752081606064,0.02439,109238,2664.44,2664.31,-0.133473
1752081606064,0.02439,109238,2664.44,2664.31,-0.133473
1752081606064,0.02439,109238,2664.44,2664.31,-0.133473
1752081606064,0.02439,109238,2664.44,2664.31,-0.133473
1752081606064,0.02439,109238,2664.44,2664.31,-0.133473
1752081606065,0.02439,109238,2664.43,2664.31,-0.123473
1752081606065,0.02439,109238,2664.42,2664.31,-0.113473
1752081606065,0.02439,109238,2664.42,2664.31,-0.113473
1752081606065,0.02439,109238,2664.42,2664.31,-0.113473
1752081606065,0.02439,109238,2664.41,2664.31,-0.103473
1752081606065,0.02439,109238,2664.41,2664.31,-0.103473
1752081606065,0.02439,109238,2664.41,2664.31,-0.103473
1752081606065,0.02439,109238,2664.4,2664.31,-0.0934726
1752081606065,0.02439,109238,2664.4,2664.31,-0.0934726
1752081606066,0.02439,109238,2664.39,2664.31,-0.0834726
1752081606066,0.02439,109238,2664.38,2664.31,-0.0734726
1752081606066,0.02439,109238,2664.36,2664.31,-0.0534726
1752081606066,0.02439,109238,2664.36,2664.31,-0.0534726
1752081606066,0.02439,109238,2664.35,2664.31,-0.0434726
1752081606066,0.02439,109238,2664.35,2664.31,-0.0434726
1752081606066,0.02439,109238,2664.34,2664.31,-0.0334726
1752081606066,0.02439,109238,2664.33,2664.31,-0.0234726
1752081606066,0.02439,109238,2664.33,2664.31,-0.0234726
1752081606066,0.02439,109238,2664.33,2664.31,-0.0234726
1752081606066,0.02439,109238,2664.33,2664.31,-0.0234726
1752081606083,0.02439,109238,2664.32,2664.31,-0.0134726
1752081606084,0.02439,109238,2664.32,2664.31,-0.0134726
1752081606084,0.02439,109238,2664.32,2664.31,-0.0134726
1752081606084,0.02439,109238,2664.32,2664.31,-0.0134726
1752081606084,0.02439,109238,2664.32,2664.31,-0.0134726
1752081606084,0.02439,109238,2664.32,2664.31,-0.0134726
1752081606084,0.02439,109238,2664.32,2664.31,-0.0134726
1752081606084,0.02439,109238,2664.32,2664.31,-0.0134726
1752081606084,0.02439,109238,2664.32,2664.31,-0.0134726
1752081606084,0.02439,109238,2664.32,2664.31,-0.0134726
1752081606084,0.02439,109238,2664.32,2664.31,-0.0134726
1752081606084,0.02439,109238,2664.32,2664.31,-0.0134726
1752081606084,0.02439,109238,2664.32,2664.31,-0.0134726
1752081606084,0.02439,109238,2664.32,2664.31,-0.0134726
1752081606084,0.02439,109238,2664.32,2664.31,-0.0134726
1752081606084,0.02439,109238,2664.32,2664.31,-0.0134726
1752081606085,0.02439,109238,2664.32,2664.31,-0.0134726
1752081606121,0.02439,109238,2664.32,2664.31,-0.0132287
1752081606121,0.02439,109238,2664.32,2664.31,-0.0132287
1752081606121,0.02439,109238,2664.32,2664.31,-0.0132287
1752081606121,0.02439,109238,2664.32,2664.31,-0.0132287
1752081606121,0.02439,109238,2664.32,2664.31,-0.0132287
1752081606121,0.02439,109238,2664.32,2664.31,-0.0132287
1752081606121,0.02439,109238,2664.32,2664.31,-0.0132287
1752081606121,0.02439,109238,2664.32,2664.31,-0.0132287
1752081606121,0.02439,109238,2664.31,2664.31,-0.0032287
1752081606121,0.02439,109238,2664.31,2664.31,-0.0032287
1752081606121,0.02439,109238,2664.31,2664.31,-0.0032287
1752081606121,0.02439,109238,2664.31,2664.31,-0.0032287
1752081606121,0.02439,109238,2664.31,2664.31,-0.0032287
1752081606121,0.02439,109238,2664.31,2664.31,-0.0032287
1752081606121,0.02439,109238,2664.3,2664.31,0.0067713
1752081606121,0.02439,109238,2664.3,2664.31,0.0067713
1752081606121,0.02439,109238,2664.29,2664.31,0.0167713
1752081606121,0.02439,109238,2664.29,2664.31,0.0167713
1752081606121,0.02439,109238,2664.29,2664.31,0.0167713
1752081606121,0.02439,109238,2664.28,2664.31,0.0267713
1752081606121,0.02439,109238,2664.28,2664.31,0.0267713
1752081606121,0.02439,109238,2664.27,2664.31,0.0367713
1752081606121,0.02439,109238,2664.26,2664.31,0.0467713
1752081606121,0.02439,109238,2664.26,2664.31,0.0467713
1752081606121,0.02439,109238,2664.26,2664.31,0.0467713
1752081606121,0.02439,109238,2664.24,2664.31,0.0667713
1752081606121,0.02439,109238,2664.24,2664.31,0.0667713
1752081606121,0.02439,109238,2664.23,2664.31,0.0767713
1752081606121,0.02439,109238,2664.23,2664.31,0.0767713
1752081606121,0.02439,109238,2664.22,2664.31,0.0867713
1752081606121,0.02439,109238,2664.22,2664.31,0.0867713
1752081606121,0.02439,109238,2664.22,2664.31,0.0867713
1752081606121,0.02439,109238,2664.21,2664.31,0.0967713
1752081606121,0.02439,109238,2664.2,2664.31,0.106771
1752081606121,0.02439,109238,2664.18,2664.31,0.126771
1752081606121,0.02439,109238,2664.17,2664.31,0.136771
1752081606121,0.02439,109238,2664.17,2664.31,0.136771
1752081606121,0.02439,109238,2664.17,2664.31,0.136771
1752081606121,0.02439,109238,2664.17,2664.31,0.136771
1752081606121,0.02439,109238,2664.17,2664.31,0.136771
1752081606121,0.02439,109238,2664.17,2664.31,0.136771
1752081606121,0.02439,109238,2664.17,2664.31,0.136771
1752081606121,0.02439,109238,2664.17,2664.31,0.136771
1752081606121,0.02439,109238,2664.17,2664.31,0.136771
1752081606121,0.02439,109238,2664.17,2664.31,0.136771
1752081606121,0.02439,109238,2664.17,2664.31,0.136771
1752081606121,0.02439,109238,2664.17,2664.31,0.136771
1752081606121,0.02439,109238,2664.16,2664.31,0.146771
1752081606121,0.02439,109238,2664.16,2664.31,0.146771
1752081606121,0.02439,109238,2664.16,2664.31,0.146771
1752081606192,0.02439,109238,2664.15,2664.31,0.156527
1752081606192,0.02439,109238,2664.15,2664.31,0.156527
1752081606193,0.02439,109238,2664.15,2664.31,0.156527
1752081606193,0.02439,109238,2664.15,2664.31,0.156527
1752081606193,0.02439,109238,2664.15,2664.31,0.156527
1752081606193,0.02439,109238,2664.15,2664.31,0.156527
1752081606193,0.02439,109238,2664.15,2664.31,0.156527
1752081606193,0.02439,109238,2664.15,2664.31,0.156527
1752081606524,0.02439,109238,2664.15,2664.31,0.156771
1752081606524,0.02439,109238,2664.15,2664.31,0.156771
1752081606524,0.02439,109238,2664.15,2664.31,0.156771
1752081606524,0.02439,109238,2664.15,2664.31,0.156771
1752081606524,0.02439,109238,2664.15,2664.31,0.156771
1752081606524,0.02439,109238,2664.15,2664.31,0.156771
1752081606524,0.02439,109238,2664.15,2664.31,0.156771
1752081606524,0.02439,109238,2664.15,2664.31,0.156771
1752081606524,0.02439,109238,2664.15,2664.31,0.156771
1752081606524,0.02439,109238,2664.15,2664.31,0.156771
1752081606524,0.02439,109238,2664.15,2664.31,0.156771
1752081606524,0.02439,109238,2664.15,2664.31,0.156771
1752081606524,0.02439,109238,2664.15,2664.31,0.156771
1752081606524,0.02439,109238,2664.15,2664.31,0.156771
1752081606524,0.02439,109238,2664.14,2664.31,0.166771
1752081606524,0.02439,109238,2664.14,2664.31,0.166771
1752081606524,0.02439,109238,2664.14,2664.31,0.166771
1752081606524,0.02439,109238,2664.14,2664.31,0.166771
1752081606524,0.02439,109238,2664.14,2664.31,0.166771
1752081607011,0.02439,109238,2664.13,2664.31,0.176771
1752081607012,0.02439,109238,2664.13,2664.31,0.176771
1752081607207,0.02439,109238,2664.13,2664.31,0.176771
1752081607207,0.02439,109238,2664.13,2664.31,0.176771
1752081607207,0.02439,109238,2664.13,2664.31,0.176771
1752081607207,0.02439,109238,2664.13,2664.31,0.176771
1752081607207,0.02439,109238,2664.13,2664.31,0.176771
1752081607207,0.02439,109238,2664.13,2664.31,0.176771
1752081607283,0.02439,109238,2664.14,2664.31,0.166771
1752081607316,0.02439,109238,2664.13,2664.31,0.176527
1752081607316,0.02439,109238,2664.13,2664.31,0.176527
1752081607316,0.02439,109238,2664.13,2664.31,0.176527
1752081607316,0.02439,109238,2664.13,2664.31,0.176527
1752081607316,0.02439,109238,2664.13,2664.31,0.176527
1752081607316,0.02439,109238,2664.13,2664.31,0.176527
1752081607316,0.02439,109238,2664.13,2664.31,0.176527
1752081607316,0.02439,109238,2664.13,2664.31,0.176527
1752081607316,0.02439,109238,2664.13,2664.31,0.176527
1752081607316,0.02439,109238,2664.12,2664.31,0.186527
1752081607316,0.02439,109238,2664.12,2664.31,0.186527
1752081607316,0.02439,109238,2664.12,2664.31,0.186527
1752081607316,0.02439,109238,2664.12,2664.31,0.186527
1752081607316,0.02439,109238,2664.12,2664.31,0.186527
1752081607316,0.02439,109238,2664.12,2664.31,0.186527
1752081607316,0.02439,109238,2664.11,2664.31,0.196527
1752081607316,0.02439,109238,2664.1,2664.31,0.206527
1752081607316,0.02439,109238,2664.1,2664.31,0.206527
1752081607316,0.02439,109238,2664.09,2664.31,0.216527
1752081607316,0.02439,109238,2664.09,2664.31,0.216527
1752081607316,0.02439,109238,2664.08,2664.31,0.226527
1752081607316,0.02439,109238,2664.08,2664.31,0.226527
1752081607316,0.02439,109238,2664.07,2664.31,0.236527
1752081607316,0.02439,109238,2664.06,2664.31,0.246527
1752081607316,0.02439,109238,2664.06,2664.31,0.246527
1752081607316,0.02439,109238,2664.06,2664.31,0.246527
1752081607316,0.02439,109238,2664.06,2664.31,0.246527
1752081607316,0.02439,109238,2664.06,2664.31,0.246527
1752081607316,0.02439,109238,2664.05,2664.31,0.256527
1752081607316,0.02439,109238,2664.05,2664.31,0.256527
1752081607316,0.02439,109238,2664.05,2664.31,0.256527
1752081607316,0.02439,109238,2664.04,2664.31,0.266527
1752081607316,0.02439,109238,2664.04,2664.31,0.266527
1752081607316,0.02439,109238,2664.04,2664.31,0.266527
1752081607316,0.02439,109238,2664.04,2664.31,0.266527
1752081607316,0.02439,109238,2664.03,2664.31,0.276527
1752081607316,0.02439,109238,2664.03,2664.31,0.276527
1752081607316,0.02439,109238,2664.02,2664.31,0.286527
1752081607316,0.02439,109238,2664,2664.31,0.306527
1752081607316,0.02439,109238,2664,2664.31,0.306527
1752081607316,0.02439,109238,2664,2664.31,0.306527
1752081607316,0.02439,109238,2664,2664.31,0.306527
1752081607316,0.02439,109238,2664,2664.31,0.306527
1752081607316,0.02439,109238,2664,2664.31,0.306527
1752081607316,0.02439,109238,2663.99,2664.31,0.316527
1752081607316,0.02439,109238,2663.99,2664.31,0.316527
1752081607316,0.02439,109238,2663.99,2664.31,0.316527
1752081607316,0.02439,109238,2663.99,2664.31,0.316527
1752081607316,0.02439,109238,2663.98,2664.31,0.326527
1752081607316,0.02439,109238,2663.98,2664.31,0.326527
1752081607324,0.02439,109238,2663.97,2664.31,0.336527
1752081607324,0.02439,109238,2663.97,2664.31,0.336527
1752081607324,0.02439,109238,2663.97,2664.31,0.336527
1752081607324,0.02439,109238,2663.97,2664.31,0.336527
1752081607324,0.02439,109238,2663.97,2664.31,0.336527
1752081607324,0.02439,109238,2663.97,2664.31,0.336527
1752081607324,0.02439,109238,2663.97,2664.31,0.336527
1752081607324,0.02439,109238,2663.97,2664.31,0.336527
1752081607324,0.02439,109238,2663.97,2664.31,0.336527
1752081607324,0.02439,109238,2663.97,2664.31,0.336527
1752081607324,0.02439,109238,2663.97,2664.31,0.336527
1752081607324,0.02439,109238,2663.97,2664.31,0.336527
1752081607324,0.02439,109238,2663.97,2664.31,0.336527
1752081607324,0.02439,109238,2663.96,2664.31,0.346527
1752081607324,0.02439,109238,2663.96,2664.31,0.346527
1752081607324,0.02439,109238,2663.96,2664.31,0.346527
1752081607324,0.02439,109238,2663.96,2664.31,0.346527
1752081607324,0.02439,109238,2663.96,2664.31,0.346527
1752081607324,0.02439,109238,2663.96,2664.31,0.346527
1752081607324,0.02439,109238,2663.96,2664.31,0.346527
1752081607779,0.02439,109238,2663.95,2664.31,0.356527
1752081607779,0.02439,109238,2663.95,2664.31,0.356527
1752081607779,0.02439,109238,2663.95,2664.31,0.356527
1752081607779,0.02439,109238,2663.95,2664.31,0.356527
1752081607779,0.02439,109238,2663.95,2664.31,0.356527
1752081607779,0.02439,109238,2663.95,2664.31,0.356527
1752081607779,0.02439,109238,2663.95,2664.31,0.356527
1752081607779,0.02439,109238,2663.95,2664.31,0.356527
1752081607779,0.02439,109238,2663.95,2664.31,0.356527
1752081607779,0.02439,109238,2663.95,2664.31,0.356527
1752081607779,0.02439,109238,2663.95,2664.31,0.356527
1752081607779,0.02439,109238,2663.95,2664.31,0.356527
1752081607779,0.02439,109238,2663.95,2664.31,0.356527
1752081607779,0.02439,109238,2663.95,2664.31,0.356527
1752081607779,0.02439,109238,2663.95,2664.31,0.356527
1752081607779,0.02439,109238,2663.94,2664.31,0.366527
1752081607779,0.02439,109238,2663.94,2664.31,0.366527
1752081607779,0.02439,109238,2663.94,2664.31,0.366527
1752081607779,0.02439,109238,2663.94,2664.31,0.366527
1752081607779,0.02439,109238,2663.94,2664.31,0.366527
1752081607779,0.02439,109238,2663.92,2664.31,0.386527
1752081607779,0.02439,109238,2663.91,2664.31,0.396527
1752081607779,0.02439,109238,2663.9,2664.31,0.406527
1752081607780,0.02439,109238,2663.89,2664.31,0.416527
1752081607780,0.02439,109238,2663.89,2664.31,0.416527
1752081607780,0.02439,109238,2663.88,2664.31,0.426527
1752081607780,0.02439,109238,2663.88,2664.31,0.426527
1752081607780,0.02439,109238,2663.88,2664.31,0.426527
1752081607780,0.02439,109238,2663.87,2664.31,0.436527
1752081607780,0.02439,109238,2663.87,2664.31,0.436527
1752081607816,0.02439,109238,2663.86,2664.31,0.446527
1752081607816,0.02439,109238,2663.86,2664.31,0.446527
1752081607816,0.02439,109238,2663.86,2664.31,0.446527
1752081607816,0.02439,109238,2663.86,2664.31,0.446527
1752081607816,0.02439,109238,2663.86,2664.31,0.446527
1752081607816,0.02439,109238,2663.86,2664.31,0.446527
1752081607816,0.02439,109238,2663.86,2664.31,0.446527
1752081607816,0.02439,109238,2663.86,2664.31,0.446527
1752081607816,0.02439,109238,2663.86,2664.31,0.446527
1752081607816,0.02439,109238,2663.86,2664.31,0.446527
1752081607816,0.02439,109238,2663.85,2664.31,0.456527
1752081607816,0.02439,109238,2663.85,2664.31,0.456527
1752081607816,0.02439,109238,2663.85,2664.31,0.456527
1752081607816,0.02439,109238,2663.85,2664.31,0.456527
1752081607816,0.02439,109238,2663.85,2664.31,0.456527
1752081607816,0.02439,109238,2663.83,2664.31,0.476527
1752081607816,0.02439,109238,2663.83,2664.31,0.476527
1752081607816,0.02439,109238,2663.83,2664.31,0.476527
1752081607816,0.02439,109238,2663.83,2664.31,0.476527
1752081607816,0.02439,109238,2663.83,2664.31,0.476527
1752081607816,0.02439,109238,2663.82,2664.31,0.486527
1752081607816,0.02439,109238,2663.78,2664.31,0.526527
1752081607816,0.02439,109238,2663.78,2664.31,0.526527
1752081607816,0.02439,109238,2663.77,2664.31,0.536527
1752081607816,0.02439,109238,2663.77,2664.31,0.536527
1752081607816,0.02439,109238,2663.77,2664.31,0.536527
1752081607816,0.02439,109238,2663.77,2664.31,0.536527
1752081607816,0.02439,109238,2663.77,2664.31,0.536527
1752081607816,0.02439,109238,2663.76,2664.31,0.546527
1752081607816,0.02439,109238,2663.76,2664.31,0.546527
1752081607816,0.02439,109238,2663.76,2664.31,0.546527
1752081607816,0.02439,109238,2663.76,2664.31,0.546527
1752081607816,0.02439,109238,2663.76,2664.31,0.546527
1752081607816,0.02439,109238,2663.76,2664.31,0.546527
1752081607816,0.02439,109238,2663.73,2664.31,0.576527
1752081607816,0.02439,109238,2663.73,2664.31,0.576527
1752081607816,0.02439,109238,2663.73,2664.31,0.576527
1752081607816,0.02439,109238,2663.72,2664.31,0.586527
1752081607816,0.02439,109238,2663.71,2664.31,0.596527
1752081607816,0.02439,109238,2663.71,2664.31,0.596527
1752081607816,0.02439,109238,2663.7,2664.31,0.606527
1752081607816,0.02439,109238,2663.7,2664.31,0.606527
1752081607816,0.02439,109238,2663.7,2664.31,0.606527
1752081607816,0.02439,109238,2663.69,2664.31,0.616527
1752081607816,0.02439,109238,2663.69,2664.31,0.616527
1752081607816,0.02439,109238,2663.68,2664.31,0.626527
1752081607816,0.02439,109238,2663.68,2664.31,0.626527
1752081607816,0.02439,109238,2663.67,2664.31,0.636527
1752081607942,0.02439,109238,2663.66,2664.31,0.646527
1752081607954,0.02439,109238,2663.66,2664.31,0.646527
1752081607954,0.02439,109238,2663.66,2664.31,0.646527
1752081608159,0.02439,109238,2663.66,2664.31,0.646527
1752081608161,0.02439,109238,2663.66,2664.31,0.646527
1752081608161,0.02439,109238,2663.66,2664.31,0.646527
1752081608222,0.02439,109238,2663.66,2664.31,0.646527
1752081608222,0.02439,109238,2663.66,2664.31,0.646527
1752081608222,0.02439,109238,2663.66,2664.31,0.646527
1752081608222,0.02439,109238,2663.66,2664.31,0.646527
1752081608222,0.02439,109238,2663.66,2664.31,0.646527
1752081608222,0.02439,109238,2663.66,2664.31,0.646527
1752081608222,0.02439,109238,2663.66,2664.31,0.646527
1752081608222,0.02439,109238,2663.66,2664.31,0.646527
1752081608222,0.02439,109238,2663.66,2664.31,0.646527
1752081608222,0.02439,109238,2663.66,2664.31,0.646527
1752081608222,0.02439,109238,2663.65,2664.31,0.656527
1752081608222,0.02439,109238,2663.65,2664.31,0.656527
1752081608222,0.02439,109238,2663.65,2664.31,0.656527
1752081608222,0.02439,109238,2663.65,2664.31,0.656527
1752081608222,0.02439,109238,2663.65,2664.31,0.656527
1752081608223,0.02439,109238,2663.63,2664.31,0.676527
1752081608223,0.02439,109238,2663.63,2664.31,0.676527
1752081608516,0.02439,109238,2663.62,2664.31,0.686527
1752081608516,0.02439,109238,2663.62,2664.31,0.686527
1752081608516,0.02439,109238,2663.62,2664.31,0.686527
1752081608516,0.02439,109238,2663.62,2664.31,0.686527
1752081608516,0.02439,109238,2663.62,2664.31,0.686527
1752081608516,0.02439,109238,2663.62,2664.31,0.686527
1752081608516,0.02439,109238,2663.62,2664.31,0.686527
1752081608516,0.02439,109238,2663.62,2664.31,0.686527
1752081608516,0.02439,109238,2663.62,2664.31,0.686527
1752081608516,0.02439,109238,2663.62,2664.31,0.686527
1752081608516,0.02439,109238,2663.62,2664.31,0.686527
1752081608516,0.02439,109238,2663.62,2664.31,0.686527
1752081608516,0.02439,109238,2663.62,2664.31,0.686527
1752081608516,0.02439,109238,2663.62,2664.31,0.686527
1752081608516,0.02439,109238,2663.62,2664.31,0.686527
1752081608516,0.02439,109238,2663.62,2664.31,0.686527
1752081608516,0.02439,109238,2663.62,2664.31,0.686527
1752081608516,0.02439,109238,2663.62,2664.31,0.686527
1752081608516,0.02439,109238,2663.62,2664.31,0.686527
1752081608516,0.02439,109238,2663.62,2664.31,0.686527
1752081608516,0.02439,109238,2663.62,2664.31,0.686527
1752081608516,0.02439,109238,2663.61,2664.31,0.696527
1752081608516,0.02439,109238,2663.61,2664.31,0.696527
1752081608516,0.02439,109238,2663.61,2664.31,0.696527
1752081608516,0.02439,109238,2663.61,2664.31,0.696527
1752081608516,0.02439,109238,2663.61,2664.31,0.696527
1752081608516,0.02439,109238,2663.61,2664.31,0.696527
1752081608516,0.02439,109238,2663.61,2664.31,0.696527
1752081608516,0.02439,109238,2663.61,2664.31,0.696527
1752081608698,0.02439,109238,2663.6,2664.31,0.706527
1752081608698,0.02439,109238,2663.6,2664.31,0.706527
1752081608716,0.02439,109238,2663.6,2664.31,0.706527
1752081608716,0.02439,109238,2663.6,2664.31,0.706527
1752081608716,0.02439,109238,2663.6,2664.31,0.706527
1752081608716,0.02439,109238,2663.6,2664.31,0.706527
1752081608716,0.02439,109238,2663.6,2664.31,0.706527
1752081608716,0.02439,109238,2663.6,2664.31,0.706527
1752081608716,0.02439,109238,2663.6,2664.31,0.706527
1752081608716,0.02439,109238,2663.6,2664.31,0.706527
1752081608716,0.02439,109238,2663.6,2664.31,0.706527
1752081608716,0.02439,109238,2663.6,2664.31,0.706527
1752081608716,0.02439,109238,2663.6,2664.31,0.706527
1752081608716,0.02439,109238,2663.6,2664.31,0.706527
1752081608716,0.02439,109238,2663.6,2664.31,0.706527
1752081608716,0.02439,109238,2663.6,2664.31,0.706527
1752081608716,0.02439,109238,2663.6,2664.31,0.706527
1752081608716,0.02439,109238,2663.59,2664.31,0.716527
1752081608716,0.02439,109238,2663.59,2664.31,0.716527
1752081608716,0.02439,109238,2663.59,2664.31,0.716527
1752081608716,0.02439,109238,2663.59,2664.31,0.716527
1752081608716,0.02439,109238,2663.59,2664.31,0.716527
1752081608716,0.02439,109238,2663.59,2664.31,0.716527
1752081608716,0.02439,109238,2663.58,2664.31,0.726527
1752081608716,0.02439,109238,2663.58,2664.31,0.726527
1752081608716,0.02439,109238,2663.58,2664.31,0.726527
1752081608716,0.02439,109238,2663.58,2664.31,0.726527
1752081608716,0.02439,109238,2663.58,2664.31,0.726527
1752081608716,0.02439,109238,2663.58,2664.31,0.726527
1752081608720,0.02439,109238,2663.57,2664.31,0.736527
1752081608720,0.02439,109238,2663.57,2664.31,0.736527
1752081608720,0.02439,109238,2663.57,2664.31,0.736527
1752081608720,0.02439,109238,2663.57,2664.31,0.736527
1752081608720,0.02439,109238,2663.57,2664.31,0.736527
1752081608720,0.02439,109238,2663.57,2664.31,0.736527
1752081608720,0.02439,109238,2663.57,2664.31,0.736527
1752081608720,0.02439,109238,2663.57,2664.31,0.736527
1752081608720,0.02439,109238,2663.57,2664.31,0.736527
1752081608720,0.02439,109238,2663.57,2664.31,0.736527
1752081608720,0.02439,109238,2663.57,2664.31,0.736527
1752081608720,0.02439,109238,2663.57,2664.31,0.736527
1752081608720,0.02439,109238,2663.56,2664.31,0.746527
1752081608720,0.02439,109238,2663.56,2664.31,0.746527
1752081608720,0.02439,109238,2663.56,2664.31,0.746527
1752081608720,0.02439,109238,2663.56,2664.31,0.746527
1752081608720,0.02439,109238,2663.56,2664.31,0.746527
1752081608720,0.02439,109238,2663.55,2664.31,0.756527
1752081608752,0.02439,109238,2663.55,2664.31,0.756527
1752081608785,0.02439,109238,2663.54,2664.31,0.766527
1752081608785,0.02439,109238,2663.54,2664.31,0.766527
1752081608785,0.02439,109238,2663.54,2664.31,0.766527
1752081608785,0.02439,109238,2663.54,2664.31,0.766527
1752081608785,0.02439,109238,2663.54,2664.31,0.766527
1752081608785,0.02439,109238,2663.54,2664.31,0.766527
1752081608785,0.02439,109238,2663.54,2664.31,0.766527
1752081608946,0.02439,109238,2663.54,2664.31,0.766527
1752081608946,0.02439,109238,2663.54,2664.31,0.766527
1752081608946,0.02439,109238,2663.54,2664.31,0.766527
1752081608946,0.02439,109238,2663.54,2664.31,0.766527
1752081608946,0.02439,109238,2663.54,2664.31,0.766527
1752081608946,0.02439,109238,2663.54,2664.31,0.766527
1752081608946,0.02439,109238,2663.54,2664.31,0.766527
1752081608946,0.02439,109238,2663.54,2664.31,0.766527
1752081608946,0.02439,109238,2663.54,2664.31,0.766527
1752081608946,0.02439,109238,2663.54,2664.31,0.766527
1752081608946,0.02439,109238,2663.53,2664.31,0.776527
1752081608946,0.02439,109238,2663.53,2664.31,0.776527
1752081608946,0.02439,109238,2663.53,2664.31,0.776527
1752081608946,0.02439,109238,2663.53,2664.31,0.776527
1752081608946,0.02439,109238,2663.53,2664.31,0.776527
1752081608946,0.02439,109238,2663.53,2664.31,0.776527
1752081609171,0.02439,109236,2663.53,2664.26,0.727747
1752081609198,0.02439,109236,2663.53,2664.26,0.727747
1752081609216,0.02439,109236,2663.52,2664.26,0.737747
1752081609216,0.02439,109236,2663.52,2664.26,0.737747
1752081609216,0.02439,109236,2663.52,2664.26,0.737747
1752081609216,0.02439,109236,2663.52,2664.26,0.737747
1752081609216,0.02439,109236,2663.52,2664.26,0.737747
1752081609216,0.02439,109236,2663.52,2664.26,0.737747
1752081609216,0.02439,109236,2663.52,2664.26,0.737747
1752081609216,0.02439,109236,2663.52,2664.26,0.737747
1752081609216,0.02439,109236,2663.52,2664.26,0.737747
1752081609216,0.02439,109236,2663.52,2664.26,0.737747
1752081609216,0.02439,109236,2663.52,2664.26,0.737747
1752081609216,0.02439,109236,2663.51,2664.26,0.747747
1752081609216,0.02439,109236,2663.51,2664.26,0.747747
1752081609216,0.02439,109236,2663.51,2664.26,0.747747
1752081609216,0.02439,109236,2663.51,2664.26,0.747747
1752081609216,0.02439,109236,2663.51,2664.26,0.747747
1752081609216,0.02439,109236,2663.5,2664.26,0.757747
1752081609216,0.02439,109236,2663.5,2664.26,0.757747
1752081609216,0.02439,109236,2663.5,2664.26,0.757747
1752081609216,0.02439,109236,2663.5,2664.26,0.757747
1752081609216,0.02439,109236,2663.5,2664.26,0.757747
1752081609216,0.02439,109236,2663.49,2664.26,0.767747
1752081609216,0.02439,109236,2663.49,2664.26,0.767747
1752081609216,0.02439,109236,2663.48,2664.26,0.777747
1752081609216,0.02439,109236,2663.48,2664.26,0.777747
1752081609216,0.02439,109236,2663.47,2664.26,0.787747
1752081609216,0.02439,109236,2663.47,2664.26,0.787747
1752081609216,0.02439,109236,2663.47,2664.26,0.787747
1752081609216,0.02439,109236,2663.47,2664.26,0.787747
1752081609216,0.02439,109236,2663.46,2664.26,0.797747
1752081609216,0.02439,109236,2663.46,2664.26,0.797747
1752081609216,0.02439,109236,2663.46,2664.26,0.797747
1752081609216,0.02439,109236,2663.45,2664.26,0.807747
1752081609216,0.02439,109236,2663.44,2664.26,0.817747
1752081609216,0.02439,109236,2663.44,2664.26,0.817747
1752081609216,0.02439,109236,2663.43,2664.26,0.827747
1752081609216,0.02439,109236,2663.43,2664.26,0.827747
1752081609467,0.02439,109236,2663.42,2664.26,0.837991
1752081610672,0.02439,109235,2663.42,2664.25,0.828479
1752081610672,0.02439,109235,2663.42,2664.25,0.828479
1752081610672,0.02439,109235,2663.42,2664.25,0.828479
1752081610829,0.02439,109235,2663.43,2664.25,0.818235
1752081610950,0.02439,109235,2663.42,2664.25,0.828235
1752081611287,0.02439,109235,2663.43,2664.25,0.818235
1752081611357,0.02439,109235,2663.43,2664.25,0.818235
1752081611357,0.02439,109235,2663.43,2664.25,0.818235
1752081611369,0.02439,109235,2663.43,2664.25,0.818235
1752081611369,0.02439,109235,2663.43,2664.25,0.818235
1752081611376,0.02439,109235,2663.43,2664.25,0.818235
1752081611376,0.02439,109235,2663.43,2664.25,0.818235
1752081611380,0.02439,109235,2663.43,2664.25,0.818235
1752081611387,0.02439,109235,2663.43,2664.25,0.818235
1752081611396,0.02439,109235,2663.43,2664.25,0.818235
1752081611401,0.02439,109235,2663.43,2664.25,0.818235
1752081611401,0.02439,109235,2663.43,2664.25,0.818235
1752081611401,0.02439,109235,2663.43,2664.25,0.818235
1752081611401,0.02439,109235,2663.43,2664.25,0.818235
1752081611401,0.02439,109235,2663.43,2664.25,0.818235
1752081611401,0.02439,109235,2663.43,2664.25,0.818235
1752081611401,0.02439,109235,2663.43,2664.25,0.818235
1752081611401,0.02439,109235,2663.43,2664.25,0.818235
1752081611401,0.02439,109235,2663.43,2664.25,0.818235
1752081611401,0.02439,109235,2663.43,2664.25,0.818235
1752081611401,0.02439,109235,2663.43,2664.25,0.818235
1752081611401,0.02439,109235,2663.43,2664.25,0.818235
1752081611401,0.02439,109235,2663.43,2664.25,0.818235
1752081611401,0.02439,109235,2663.43,2664.25,0.818235
1752081611401,0.02439,109235,2663.43,2664.25,0.818235
1752081611401,0.02439,109235,2663.43,2664.25,0.818235
1752081611401,0.02439,109235,2663.44,2664.25,0.808235
1752081611401,0.02439,109235,2663.44,2664.25,0.808235
1752081611401,0.02439,109235,2663.44,2664.25,0.808235
1752081611401,0.02439,109235,2663.44,2664.25,0.808235
1752081611401,0.02439,109235,2663.44,2664.25,0.808235
1752081611401,0.02439,109235,2663.44,2664.25,0.808235
1752081611401,0.02439,109235,2663.44,2664.25,0.808235
1752081611401,0.02439,109235,2663.45,2664.25,0.798235
1752081611401,0.02439,109235,2663.45,2664.25,0.798235
1752081611401,0.02439,109235,2663.45,2664.25,0.798235
1752081611403,0.02439,109235,2663.46,2664.25,0.788235
1752081611403,0.02439,109235,2663.47,2664.25,0.778235
1752081611403,0.02439,109235,2663.47,2664.25,0.778235
1752081611403,0.02439,109235,2663.48,2664.25,0.768235
1752081611419,0.02439,109235,2663.49,2664.25,0.758235
1752081611419,0.02439,109235,2663.49,2664.25,0.758235
1752081611419,0.02439,109235,2663.49,2664.25,0.758235
1752081611419,0.02439,109235,2663.49,2664.25,0.758235
1752081611419,0.02439,109235,2663.49,2664.25,0.758235
1752081611419,0.02439,109235,2663.49,2664.25,0.758235
1752081611419,0.02439,109235,2663.49,2664.25,0.758235
1752081611419,0.02439,109235,2663.49,2664.25,0.758235
1752081611692,0.02439,109235,2663.49,2664.25,0.758235
1752081611692,0.02439,109235,2663.49,2664.25,0.758235
1752081611725,0.02439,109235,2663.49,2664.25,0.758235
1752081611753,0.02439,109235,2663.49,2664.25,0.758235
1752081612053,0.02439,109235,2663.49,2664.25,0.758235
1752081614002,0.02439,109224,2663.49,2663.98,0.492872
1752081614194,0.02439,109224,2663.49,2663.98,0.492872
